"","ï..HOTELNAAM_2014","NHC_2014","KAM_2014","BED_2014","STRAAT_2014","HUISID_2014","POSTCODE_2014","BRTK10","unesco","Soort_hotel_hostel..jeugdherberg","lat","lon"
"1","AMSTERDAM AMERICAN HOTEL - HAMPSHIRE EDEN","4",175,354,"LEIDSEKADE","97","1017PN","A07b","B","hotel",52.3638288,"4.9943182"
"2","AMSTEL INTERCONTINENTAL AMSTERDAM","5",79,165,"PROFESSOR TULPPLEIN","1","1018GX","A08b","B","hotel",52.3599843,"4.9052427"
"3","AMSTERDAM CENTRE,NH","4",232,462,"STADHOUDERSKADE","7","1054ES","E22a","","hotel",52.3630852,"4.8794581"
"4","BARBIZON PALACE,NH","5",274,544,"PRINS HENDRIKKADE","59-72","1012AD","A00a","B","hotel",52.3764859,"4.9004724"
"5","DOELEN HOTEL,NH","4",85,162,"NIEUWE DOELENSTRAAT","24","1012CP","A00e","B","hotel",52.368205,"4.8957416"
"6","EUROPE HOTEL,DE L'","5",111,222,"NIEUWE DOELENSTRAAT","2-8","1012CP","A00e","B","hotel",52.3680084,"4.8950111"
"7","GRAND HOTEL KRASNAPOLSKY NH","5",468,937,"DAM","9","1012JS","A00b","B","hotel",52.3727291,"4.8943846"
"8","PARK HOTEL","4",189,378,"STADHOUDERSKADE","25","1071ZD","K47b","","hotel",52.3615628,"4.8828667"
"9","WYNDHAM APOLLO AMSTERDAM","4",446,669,"APOLLOLAAN","2","1077BA","K49b","","hotel",52.3480892,"4.884737"
"10","PIET HEIN HOTEL","3",81,141,"VOSSIUSSTRAAT","51-53","1071AK","K47c","","hotel",52.3598718,"4.8765094"
"11","NOVA HOTEL","3",61,140,"NIEUWEZIJDS VOORBURGWAL","276-278","1012RS","A01f","B","hotel",52.3731557,"4.8905558"
"12","BRIDGE HOTEL,THE","3",51,115,"AMSTEL","107-111","1018EM","A08a","K","hotel",52.3669185,"4.8989426"
"13","PARK PLAZA VICTORIA AMSTERDAM HOTEL","4",306,604,"DAMRAK","1-5","1012LG","A01c","B","hotel",52.3769214,"4.8982816"
"14","HAMPHSHIRE HOTEL BEETHOVEN","3",52,107,"BEETHOVENSTRAAT","43-51","1077HN","K49b","","hotel",52.344776,"4.8766749"
"15","AMSTERDAM MARRIOTT HOTEL","5",396,1061,"STADHOUDERSKADE","12","1054ES","E22a","","hotel",52.3625488,"4.8801249"
"16","HILTON AMSTERDAM HOTEL","5",271,542,"APOLLOLAAN","138","1077BG","K49c","","hotel",52.3514296,"4.872012"
"17","GERSTEKORREL HOTEL,DE","2",32,75,"DAMSTRAAT","22","1012JM","A00d","B","hotel",52.3721264,"4.8947975"
"18","DAMRAK INN HOTEL","2",23,56,"DAMRAK","58","1012LL","A01e","B","hotel",52.375113,"4.895313"
"19","CHICO'S GUESTHOUSE","0",3,6,"ST.WILLIBRORDUSSTRAAT","77","1073VA","K25b","","B&B, pension, appartamenten, guesthouse, boerenkamer",52.3540171,"4.9010362"
"20","DAMHOTEL","2",19,51,"DAMRAK","31","1012LJ","A01c","B","hotel",52.3761088,"4.8966233"
"21","AMSTERDAM HOSTEL CENTRE","1",11,41,"LEIDSEKRUISSTRAAT","13","1017RE","A07c","K","hostel/ jeugdherberg",52.3636675,"4.8853534"
"22","CORDIAL HOTEL","3",59,108,"ROKIN","62-64","1012KW","A01g","B","hotel",52.3691257,"4.8921205"
"23","BLYSS HOTEL","3",39,87,"VONDELSTRAAT","74","1054GN","E22a","","hotel",52.3618999,"4.8755518"
"24","LEIDSE SQUARE HOTEL A'DAM, BEST WESTERN","3",89,187,"TESSELSCHADESTRAAT","23","1054ET","E22a","","hotel",52.3620329,"4.8792278"
"25","KOOYK HOTEL","1",19,39,"LEIDSEKADE","81-83","1017PM","A07b","B","hotel",52.3656484,"4.8793096"
"26","MERCURE HOTEL AMSTERDAM CITY","4",368,751,"JOAN MUYSKENWEG","10","1096CJ","M58d","","hotel",52.3352478,"4.9135808"
"27","NEUTRAAL HOTEL","0",34,55,"DAMRAK","8","1012LG","A01c","B","hotel",52.3768951,"4.897672"
"28","MANOFA HOTEL","1",47,126,"DAMRAK","46-48","1012LL","A01e","B","hotel",52.3769214,"4.8982816"
"29","AGORA HOTEL","2",16,38,"SINGEL","462","1017AW","A01i","K","hotel",52.3674843,"4.8888928"
"30","POSTE HOTEL,DE LA","2",7,17,"REGULIERSGRACHT","3-5","1017LJ","A03d","K","hotel",52.3646317,"4.896074"
"31","ROEMER HOTEL","4",23,46,"ROEMER VISSCHERSTRAAT","8-10","1054EX","E22a","","hotel",52.3614095,"4.8771533"
"32","RHO HOTEL","3",167,333,"NES","5-23","1012KC","A00d","B","hotel",52.3718704,"4.8937223"
"33","AMSTERDAM-DE ROODE LEEUW HOTEL","4",79,147,"DAMRAK","93-94","1012LP","A01e","B","hotel",52.3769214,"4.8982816"
"34","INNER HOTEL","2",84,298,"WANNINGSTRAAT","1","1071LA","K47c","","hotel",52.3569738,"4.8774435"
"35","SINT NICOLAAS HOTEL","3",27,60,"SPUISTRAAT","1A","1012SP","A01b","B","hotel",52.3775134,"4.8950657"
"36","SCHILLER HOTEL, NH","4",92,174,"REMBRANDTPLEIN","26-36","1017CV","A03e","K","hotel",52.3658965,"4.8974561"
"37","HAMPSHIRE HOTEL LANCASTER","3",91,195,"PLANTAGE MIDDENLAAN","48","1018DH","A08c","B","hotel",52.3658572,"4.9128724"
"38","JIMMY HOTEL","1",14,28,"MARTELAARSGRACHT","15","1012TN","A01c","B","hotel",52.377738,"4.896222"
"39","ATLANTA HOTEL","2",36,71,"REMBRANDTPLEIN","8","1017CV","A03e","K","hotel",52.365984,"4.8954873"
"40","REGAL HOTEL,THE","1",11,24,"BINNEN WIERINGERSTRAAT","7","1013EA","A05b","K","hotel",52.3800331,"4.8927927"
"41","VAN GELDER HOTEL","1",32,63,"DAMRAK","34","1012LK","A01e","B","hotel",52.3760003,"4.8964629"
"42","FREDERIK PARK HOUSE HOTEL","0",4,8,"FREDERIKSPLEIN","22","1017XM","A07g","B","hotel",52.3608815,"4.8982891"
"43","CROWN HOTEL,THE","1",17,41,"OUDEZIJDS VOORBURGWAL","21","1012EH","A00a","B","hotel",52.3748641,"4.8998972"
"44","DYLAN, THE","4",40,79,"KEIZERSGRACHT","384","1016GB","A02c","K","hotel",52.3692791,"4.8839831"
"45","SINGEL HOTEL","3",32,66,"SINGEL","13-17","1012VC","A01b","K","hotel",52.3795744,"4.8945993"
"46","DELTA HOTEL","3",47,110,"DAMRAK","42-43","1012LK","A01e","B","hotel",52.3769214,"4.8982816"
"47","HEGRA HOTEL","2",11,23,"HERENGRACHT","269","1016BJ","A02c","K","hotel",52.3714144,"4.8873362"
"48","D'AMSTERDAM HOTEL","3",16,31,"TWEEDE HELMERSSTRAAT","4","1054CH","E20a","","hotel",52.365066,"4.8781874"
"49","SARPHATI HOTEL","2",15,32,"SARPHATIPARK","58","1073CZ","K25b","","hotel",52.3532845,"4.8955399"
"50","SPHINX HOTEL EUROPE","0",22,44,"WETERINGSCHANS","82","1017XR","A07f","B","hotel",52.3593271,"4.894049"
"51","AMSTERDAM WIECHMANN HOTEL","2",37,79,"PRINSENGRACHT","328-332","1016HX","A06g","K","hotel",52.3695636,"4.8823837"
"52","THE ALBUS","4",74,150,"VIJZELSTRAAT","49","1017HE","A03c","K","hotel",52.3657859,"4.8932578"
"53","ADMIRAAL HOTEL,DE","1",9,24,"HERENGRACHT","563","1017CD","A03e","K","hotel",52.3650793,"4.8962461"
"54","SARPHATI SUITES","4",4,8,"SARPHATISTRAAT","113","1018GB","A08b","B","B&B, pension, appartamenten, guesthouse, boerenkamer",52.3608918,"4.9064346"
"55","SHENZHOU BED & BREAKFAST","1",3,6,"GELDERSEKADE","75","1011EL","A04d","B","B&B, pension, appartamenten, guesthouse, boerenkamer",52.3745039,"4.901913"
"56","DAM CITY ACCOMMODATION","1",3,8,"OUDE HOOGSTRAAT","7A-B","1012CD","A00c","B","B&B, pension, appartamenten, guesthouse, boerenkamer",52.3712479,"4.8977771"
"57","MALLE MOOLEN HOTEL,DE","1",13,33,"WARMOESSTRAAT","7","1012HT","A00a","B","hotel",52.3760843,"4.8993991"
"58","MISC EATDRINKSLEEP","2",6,12,"KLOVENIERSBURGWAL","20","1012CV","A00c","B","hotel",52.3717237,"4.8990066"
"59","OLD NICKEL HOTEL,THE","1",14,34,"NIEUWEBRUGSTEEG","11","1012AG","A00a","B","hotel",52.3762924,"4.8996007"
"60","BROUWER HOTEL","1",8,16,"SINGEL","83-85","1012VE","A01d","K","hotel",52.3762131,"4.8915129"
"61","AIVENGO YOUTH HOSTEL","0",2,38,"SPUISTRAAT","6","1012TS","A01b","K","hostel/ jeugdherberg",52.3773096,"4.8938665"
"62","SEVEN ONE SEVEN","4",9,18,"PRINSENGRACHT","717","1017JW","A03a","K","hotel",52.364791,"4.8853406"
"63","'T HOTEL LILY","3",8,18,"LELIEGRACHT","18","1015DE","A02b","K","hotel",52.3751614,"4.8871471"
"64","MUSEUM QUARTER,NH","4",163,326,"HOBBEMAKADE","50","1071XL","K50a","","hotel",52.3558245,"4.8861173"
"65","ZUIVER / AMSTELPARK HOTEL","3",31,62,"KOENENKADE","8","1081KH","K90e","","hotel",52.3310142,"4.8523466"
"66","IBIS AMSTERDAM CITY STOPERA","3",207,440,"VALKENBURGERSTRAAT","68","1011LZ","A04f","B","hotel",52.3699509,"4.9072635"
"67","MEVLANA HOTEL","1",16,28,"NIEUWEZIJDS VOORBURGWAL","160","1012SJ","A01d","B","hotel",52.374495,"4.8911049"
"68","SCHAGEN HOTEL","1",10,22,"NIEUWEBRUGSTEEG","19","1012AG","A00a","B","hotel",52.3759971,"4.9000316"
"69","WESTCORD AMSTERDAM ART 3-STERREN","3",130,260,"SPAARNDAMMERDIJK","302","1013ZX","E13f","","hotel",52.3927795,"4.8688489"
"70","TULIP INN AMSTERDAM CENTRE","3",108,229,"BEURSSTRAAT","11-19","1012JT","A00b","B","hotel",52.3748977,"4.8968197"
"71","KOOPERMOOLEN HOTEL,DE","2",23,43,"WARMOESSTRAAT","5","1012HT","A00a","B","hotel",52.3761027,"4.899487"
"72","BELLINGTON HOTEL","2",11,26,"PIETER CORNELISZ HOOFTSTRAAT","78","1071CB","K47b","","hotel",52.3603398,"4.8805905"
"73","HOTEL VICTORIE","2",28,55,"VICTORIEPLEIN","42","1078PH","K52d","","hotel",52.3463562,"4.9030981"
"74","AMSTERDAM HOUSE HOTEL EUREKA","3",31,60,"'S GRAVELANDSEVEER","3-4","1011KM","A04h","B","hotel",52.3677397,"4.8969679"
"75","HOTUSA OMEGA HOTEL","3",31,65,"JACOB OBRECHTSTRAAT","33","1071KG","K47c","","hotel",52.3558449,"4.875735"
"76","GOLDEN BEAR GAY HOTEL,THE","1",17,32,"KERKSTRAAT","37","1017GB","A02e","K","hotel",52.3656442,"4.8852135"
"77","WEBER HOTEL","2",7,14,"MARNIXSTRAAT","397","1017PJ","A07b","B","hotel",52.3649686,"4.8806113"
"78","TAMARA HOTEL","1",11,26,"NIEUWEZIJDS VOORBURGWAL","144","1012SJ","A01d","B","hotel",52.3748558,"4.8914092"
"79","V FREDERIKSPLEIN, HOTEL","3",48,96,"WETERINGSCHANS","136","1017XV","A07h","B","hotel",52.3591905,"4.8979554"
"80","BEST WESTERN APOLLO MUSEUMHOTEL AMSTERDAM CITY CENTRE","3",188,364,"PIETER CORNELISZ HOOFTSTRAAT","2-10","1071BX","K47b","","hotel",52.3594291,"4.8776192"
"81","PLANTAGE HOTEL","2",19,44,"PLANTAGE KERKLAAN","25","1018CV","A08c","B","hotel",52.3666615,"4.9117479"
"82","IMPERIAL HOTEL","2",14,31,"THORBECKEPLEIN","9","1017CS","A03c","K","hotel",52.3652784,"4.8960986"
"83","SIPERMANN HOTEL","2",17,33,"ROEMER VISSCHERSTRAAT","35","1054EW","E22a","","hotel",52.3612228,"4.8769249"
"84","ROOKIES, HOTEL THE","2",12,21,"KORTE LEIDSEDWARSSTRAAT","147","1017PZ","A07c","B","hotel",52.362266,"4.8861579"
"85","NH CARLTON AMSTERDAM","4",218,440,"VIJZELSTRAAT","4","1017HK","A03b","K","hotel",52.3654602,"4.8926884"
"86","BRONCKHORST HOTEL","3",37,73,"BRONCKHORSTSTRAAT","14","1071WR","K47f","","hotel",52.3531063,"4.8809813"
"87","LARENDE HOTEL","3",14,26,"DE CLERCQSTRAAT","115","1053AJ","E18a","","hotel",52.3698485,"4.8660187"
"88","OLD CITY AMSTERDAM B&B","0",5,10,"pieter jacobszdwarsstraat","7-11","1012HK","A00d","B","B&B, pension, appartamenten, guesthouse, boerenkamer",52.3719961,"4.894611"
"89","DOUBLETREE BY HILTON AMSTERDAM CENTRAL STATION","4",553,1106,"OOSTERDOKSSTRAAT","4","1011DK","A04a","B","hotel",52.3765215,"4.9075701"
"90","PARKZICHT HOTEL","2",14,24,"ROEMER VISSCHERSTRAAT","33","1054EW","E22a","","hotel",52.3612411,"4.8769981"
"91","HTEL SERVICED APARTMENTS","0",45,147,"TEILINGEN","45","1082JP","K90c","","B&B, pension, appartamenten, guesthouse, boerenkamer",52.3274877,"4.8719001"
"92","EASTERN PARK APARTMENTS SUITES","0",10,20,"WIJTTENBACHSTRAAT","30","1093JC","M29b","","B&B, pension, appartamenten, guesthouse, boerenkamer",52.3601774,"4.9266591"
"93","HOLIDAY INN AMSTERDAM","4",266,576,"DE BOELELAAN","2","1083HJ","K91e","","hotel",52.3352599,"4.8886066"
"94","MERCURE AMSTERDAM ARTHUR FROMMER","4",93,186,"NOORDERSTRAAT","46","1017TV","A07e","B","hotel",52.3611838,"4.8936467"
"95","CARANSA HOTEL,NH","4",66,132,"REMBRANDTPLEIN","19","1017CT","A03e","B","hotel",52.3664488,"4.8970384"
"96","DIKKER & THIJS HOTEL","4",42,88,"PRINSENGRACHT","444","1017KE","A07c","K","hotel",52.365001,"4.8840169"
"97","NOVOTEL AMSTERDAM CITY","4",610,1220,"EUROPABOULEVARD","10","1083AD","K91c","","hotel",52.3289876,"4.8901874"
"98","OKURA HOTEL AMSTERDAM","5",300,599,"FERDINAND BOLSTRAAT","333","1072LH","K25c","","hotel",52.348557,"4.8930912"
"99","NH GALAXY","4",290,580,"DISTELKADE","21","1031XP","N60a","","hotel",52.3921832,"4.9109012"
"100","CONSCIOUS HOTEL MUSEUM SQUARE","3",36,79,"DE LAIRESSESTRAAT","5-7","1071NR","K47f","","hotel",52.3551387,"4.8777873"
"101","AC TULIP INN AMSTERDAM RIVERSIDE","3",192,396,"provincialeweg","38","1108AB","T95b","","hotel",52.3152456,"4.9960082"
"102","CONSCIOUS HOTEL VONDELPARK","3",81,163,"OVERTOOM","519-521","1054LH","E21b","","hotel",52.3578541,"4.8557024"
"103","TROPEN HOTEL,NH","3",80,160,"LINNAEUSSTRAAT","2C","1092CK","M28c","","hotel",52.361924,"4.922824"
"104","HESTIA HOTEL","3",18,36,"ROEMER VISSCHERSTRAAT","7","1054EV","E22a","","hotel",52.3615879,"4.8782127"
"105","FREELAND HOTEL","2",15,27,"MARNIXSTRAAT","386","1017PL","A07b","B","hotel",52.3648861,"4.8802596"
"106","PULITZER HOTEL, A LUXURY COLLECTION HOTEL","5",230,398,"PRINSENGRACHT","315","1016GZ","A02c","K","hotel",52.3750066,"4.8837106"
"107","ARMADA CANALVIEW HOTEL","2",26,56,"KEIZERSGRACHT","713-715","1017DX","A03d","K","hotel",52.3639937,"4.8982875"
"108","ATLAS HOTEL","3",23,45,"VAN EEGHENSTRAAT","64","1071GK","K47d","","hotel",52.3577402,"4.8738529"
"109","HAMPSHIRE HOTEL - THEATRE DISTRICT AMSTERDAM","3",70,132,"NASSAUKADE","387","1054AE","E20a","","hotel",52.3642307,"4.8783292"
"110","SWISSOTEL AMSTERDAM","4",109,218,"DAMRAK","96","1012LP","A01e","B","hotel",52.3735967,"4.8933617"
"111","OWL HOTEL","3",34,60,"ROEMER VISSCHERSTRAAT","1-3","1054EV","E22a","","hotel",52.3614095,"4.8771533"
"112","ARTEMIS HOTEL","4",256,512,"JOHN M.KEYNESPLEIN","2","1066EP","F88a","","hotel",52.3418622,"4.82480451662113"
"113","HOTEL NOTTING HILL","4",67,136,"WESTEINDE","26","1017ZP","A07h","B","hotel",52.3585018,"4.898785"
"114","CITY GARDEN HOTEL","3",72,111,"PIETER CORNELISZ HOOFTSTRAAT","162","1071CH","K47c","","hotel",52.3592071,"4.8763609"
"115","83 HOTEL","1",16,35,"OUDEZIJDS ACHTERBURGWAL","83","1012DC","A00c","B","hotel",52.3727101,"4.8984524"
"116","EUPHEMIA BUDGET HOTEL","1",30,108,"FOKKE SIMONSZSTRAAT","1-9","1017TD","A07e","B","hotel",52.3603975,"4.8925824"
"117","INTERNATIONAL BUDGET HOSTEL","0",14,68,"LEIDSEGRACHT","76","1016CR","A06h","K","hostel/ jeugdherberg",52.3660798,"4.8819638"
"118","FALCON PLAZA HOTEL","3",50,113,"VALKENBURGERSTRAAT","72","1011LZ","A04f","B","hotel",52.3700034,"4.9080674"
"119","HANS BRINKER HOTEL","0",126,502,"KERKSTRAAT","136-138","1017GR","A03c","K","hotel",52.3654468,"4.8853739"
"120","PARKLANE HOTEL","2",13,26,"PLANTAGE PARKLAAN","16","1018ST","A08c","B","hotel",52.3677147,"4.9099013"
"121","EUROPA 92 HOTEL","3",46,94,"Eerste+Constantijn+Huygensstraat","103","","E22a","","hotel",52.3624757,"4.8756773"
"122","BEST WESTERN DAM SQUARE INN","3",38,83,"GRAVENSTRAAT","12-16","1012NM","A01e","B","hotel",52.3743295,"4.8924485"
"123","SEVEN BRIDGES HOTEL","2",9,17,"REGULIERSGRACHT","31","1017LK","A03d","K","hotel",52.3638299,"4.8962158"
"124","QUENTIN HOTEL AMSTERDAM,THE","0",30,65,"LEIDSEKADE","89","1017PN","A07b","B","hotel",52.3642734,"4.8798849"
"125","CITIZENM HOTEL AMSTERDAM CITY","4",215,430,"PRINSES IRENESTRAAT","30","1077WX","K59a","","hotel",52.34194195,"4.87597212187505"
"126","TORENZICHT HOTEL","1",21,49,"OUDEZIJDS ACHTERBURGWAL","93","1012DD","A00c","B","hotel",52.3725204,"4.8982195"
"127","FLIPPER HOTEL","2",24,53,"BORSSENBURGSTRAAT","5","1078VA","K53b","","hotel",52.3488374,"4.9078776"
"128","VERDI HOTEL","2",12,25,"WANNINGSTRAAT","9","1071LA","K47c","","hotel",52.3567767,"4.8775926"
"129","BLOEIENDE RAMENAS, HOTEL CAFE","1",11,28,"HAARLEMMERDIJK","61","1013KB","A05c","K","hotel",52.3823801,"4.8875063"
"130","OOSTERPARK HOTEL","1",9,19,"OOSTERPARK","72","1092AS","M28c","","hotel",52.3615324,"4.9151762"
"131","ROKIN HOTEL","3",21,50,"ROKIN","73","1012KL","A00d","B","hotel",52.3706565,"4.8930714"
"132","GREENHOUSE HOTEL","2",9,19,"WARMOESSTRAAT","55","1012HW","A00a","B","hotel",52.3753211,"4.8982122"
"133","ASTERISK HOTEL","2",42,96,"DEN TEXSTRAAT","16","1017ZA","A07f","B","hotel",52.3588053,"4.8939373"
"134","ROYAL TASTE HOTEL","1",11,24,"OUDEZIJDS ACHTERBURGWAL","47","1012DB","A00c","B","hotel",52.3735134,"4.8992952"
"135","CRYSTAL HOTEL","2",17,34,"TWEEDE HELMERSSTRAAT","6","1054CH","E20a","","hotel",52.3650386,"4.878085"
"136","ACOSTAR HOTEL","2",30,61,"KERKSTRAAT","45-49","1017GB","A02e","K","hotel",52.3629419,"4.892067"
"137","ORFEO HOTEL","0",19,37,"LEIDSEKRUISSTRAAT","14","1017RH","A07c","K","hotel",52.3637658,"4.8852201"
"138","ANNEMARIE HOTEL","0",11,28,"JAN WILLEM BROUWERSSTR","14","1071LJ","K47c","","hotel",52.356555,"4.8782851"
"139","IRIS HOTEL","1",9,24,"SARPHATIKADE","17","1017WV","A07h","B","hotel",52.3590393,"4.902728"
"140","ZWAAN HOTEL,DE","0",8,14,"DORPSWEG RANSDORP","70","1028BR","N73f","","hotel",52.3935767,"4.9943182"
"141","RESIDENCE LE COIN HOTEL","3",42,77,"NIEUWE DOELENSTRAAT","5","1012CP","A00e","B","hotel",52.3678759,"4.8944091"
"142","CITY HOTEL UTRECHTSESTRAAT","0",13,52,"UTRECHTSESTRAAT","2","1017VN","A03e","K","hotel",52.3657224,"4.8974282"
"143","MARNIX HOTEL","0",25,74,"MARNIXSTRAAT","382","1016XX","A06j","B","hotel",52.3654698,"4.8798832"
"144","EDEN HOTEL AMSTERDAM","3",218,409,"AMSTEL","144","1017AE","A03e","B","hotel",52.3668596,"4.8986143"
"145","EDEN REMBRANDT SQUARE HOTEL","4",167,331,"AMSTELSTRAAT","17","1017DA","A03e","K","hotel",52.3661848,"4.8997065"
"146","HOTEL DWARS","3",9,24,"UTRECHTSEDWARSSTRAAT","79","1017WD","A07g","K","hotel",52.361642,"4.8996166"
"147","VIJAYA HOTEL","1",31,64,"OUDEZIJDS VOORBURGWAL","44","1012GE","A00b","B","hotel",52.3749963,"4.8992642"
"148","PRINSEN HOTEL","3",45,87,"VONDELSTRAAT","36-38","1054GE","E22a","","hotel",52.3618602,"4.8758105"
"149","CANAL HOUSE","4",23,49,"KEIZERSGRACHT","148","1015CX","A02b","K","hotel",52.3762724,"4.8863122"
"150","VOYAGERS HOTEL","0",11,25,"GELDERSEKADE","2","1012BH","A00a","B","hotel",52.3763379,"4.9020104"
"151","DEUTSCHES SEEMANNNSHEIM, STICHTING","0",6,8,"KEIZERSGRACHT","733","1017DZ","A03d","K","B&B, pension, appartamenten, guesthouse, boerenkamer",52.3642743,"4.8993528"
"152","DOWNTOWN HOTEL","2",24,65,"KERKSTRAAT","25","1017GA","A02e","K","hotel",52.3658496,"4.8849029"
"153","BOUTIQUE HOTEL PATOU","3",12,24,"PIETER CORNELISZ HOOFTSTRAAT","63","1071BN","K47b","","hotel",52.3602398,"4.8813254"
"154","ALP HOTEL","2",15,33,"DE CLERCQSTRAAT","52","1052NH","E17a","","hotel",52.3709979,"4.8698964"
"155","VAN ONNA HOTEL","1",41,86,"BLOEMGRACHT","102-108","1015TN","A06c","B","hotel",52.3742668,"4.8793156"
"156","REMCO HOTEL","3",180,420,"REIMERSWAALSTRAAT","5","1069AE","F82a","","hotel",52.3624399,"4.7947555"
"157","AMSTERDAM APARTMENTS ALEXANDER'S","0",6,23,"RUYSDAELKADE","109","1072AN","K24d","","B&B, pension, appartamenten, guesthouse, boerenkamer",52.3550201,"4.8871834"
"158","CROYDON HOTEL","0",9,23,"WARMOESSTRAAT","75","1012HX","A00b","B","hotel",52.3749404,"4.8976479"
"159","ACACIA HOTEL","1",20,47,"LINDENGRACHT","251","1015KH","A06b","B","hotel",52.3794023,"4.8804903"
"160","DES ARTS HOTEL","2",22,55,"ROKIN","154-156","1012LE","A01h","B","hotel",52.3691257,"4.8921205"
"161","TOREN HOTEL","4",38,76,"KEIZERSGRACHT","164","1015CZ","A02b","K","hotel",52.3758754,"4.8859642"
"162","LA BOHEME HOTEL","2",18,39,"MARNIXSTRAAT","415","1017PK","A07b","B","hotel",52.3645482,"4.8811004"
"163","CC HOTEL","3",81,158,"WARMOESSTRAAT","40-42","1012JE","A00a","B","hotel",52.3754653,"4.8983388"
"164","SHELTER JORDAN CHRISTIAN HOSTEL","0",14,98,"BLOEMSTRAAT","179","1016LA","A06c","B","hostel/ jeugdherberg",52.3731508,"4.8772136"
"165","BOB'S YOUTH HOSTEL","0",16,138,"NIEUWEZIJDS VOORBURGWAL","92","1012SG","A01d","B","hostel/ jeugdherberg",52.3757862,"4.8925296"
"166","FLYING PIG UPTOWN HOSTEL,THE","0",20,118,"VOSSIUSSTRAAT","46","1071AJ","K47b","","hostel/ jeugdherberg",52.3603213,"4.8783887"
"167","FLYING PIG DOWNTOWN HOSTEL,THE","0",29,182,"NIEUWENDIJK","100","1012MR","A01c","B","hostel/ jeugdherberg",52.3766917,"4.8963084"
"168","ARENA HOTEL","4",116,232,"'S-GRAVESANDESTRAAT","51","1092AA","M28b","","hotel",52.3611136,"4.9156243"
"169","HOTEL FITA","3",15,27,"JAN LUIJKENSTRAAT","37","1071CL","K47b","","hotel",52.3592124,"4.8797227"
"170","LEIDSEPLEIN HOTEL,HET","1",12,40,"KORTE LEIDSEDWARSSTRAAT","79","1017PW","A07a","B","hotel",52.3639667,"4.8838378"
"171","NL HOTEL AMSTERDAM","3",13,26,"NASSAUKADE","368","1054AB","E20a","","hotel",52.3657034,"4.8780811"
"172","WINSTON HOTEL","2",67,183,"WARMOESSTRAAT","129","1012JA","A00b","B","hotel",52.3739521,"4.8965109"
"173","AROZA HOSTEL","0",9,29,"NIEUWENDIJK","23","1012LZ","A01b","B","hostel/ jeugdherberg",52.3784404,"4.8953638"
"174","SEBASTIAN'S HOTEL","3",34,71,"KEIZERSGRACHT","15-17","1015CC","A02a","K","hotel",52.3794801,"4.8900584"
"175","ART GALLERY HOTEL","2",18,34,"WETERINGSCHANS","67","1017RX","A07d","B","hotel",52.3615586,"4.8860966"
"176","STAYOKAY AMSTERDAM STADSDOELEN","0",13,176,"KLOVENIERSBURGWAL","97","1011KB","A04h","B","hostel/ jeugdherberg",52.3690294,"4.8973183"
"177","STAYOKAY AMSTERDAM VONDELPARK","0",105,536,"ZANDPAD","5","1054GA","E22a","","hostel/ jeugdherberg",52.361044,"4.8783698"
"178","LEIDSESQUARE LUXURY SUITES","0",5,20,"LEIDSEPLEIN","13-17","1017PS","A07c","B","B&B, pension, appartamenten, guesthouse, boerenkamer",52.3636698,"4.8827394"
"179","POSTHOORN B&B","0",3,6,"PRINSENGRACHT","7","1015DK","A02a","K","B&B, pension, appartamenten, guesthouse, boerenkamer",52.3799605,"4.8883385"
"180","CANAL VIEW APARTMENTS LEX","0",4,8,"LEIDSEGRACHT","74","1016CR","A06h","K","B&B, pension, appartamenten, guesthouse, boerenkamer",52.3656053,"4.8808029"
"181","SASHA B&B AMSTERDAM CITY CENTER","0",3,6,"VIJZELSTRAAT","71","1017HG","A03c","K","B&B, pension, appartamenten, guesthouse, boerenkamer",52.3646426,"4.8928156"
"182","WEST VIOLET B&B","0",3,6,"VIOLETTENSTRAAT","4","1015NP","A06b","K","B&B, pension, appartamenten, guesthouse, boerenkamer",52.3787284,"4.8848889"
"183","IJ B&B","0",5,10,"ZEEBURGERDIJK","17 HS","1093SK","M29a","","B&B, pension, appartamenten, guesthouse, boerenkamer",52.366117,"4.932853"
"184","LOOIER HOTEL,DE","3",28,68,"DERDE LOOIERSDWARSSTRAAT","75","1016VD","A06g","B","hotel",52.3683349,"4.8796625"
"185","GROENENDAEL HOTEL","0",16,30,"NIEUWENDIJK","15","1012LZ","A01b","B","hotel",52.3786013,"4.895142"
"186","HOTEL THE EXCHANGE","3",61,122,"DAMRAK","49-51","1012LL","A01e","B","hotel",52.3769214,"4.8982816"
"187","A-TRAIN HOTEL","3",34,73,"PRINS HENDRIKKADE","23","1012TM","A01b","B","hotel",52.3784357,"4.8963919"
"188","TITUS HOTEL","0",19,53,"LEIDSEKADE","74","1017PM","A07b","B","hotel",52.3649572,"4.880068"
"189","THE TIMES HOTEL","3",33,69,"HERENGRACHT","137","1015BG","A02b","K","hotel",52.3756404,"4.8890354"
"190","WESTCORD FASHION HOTEL AMSTERDAM","4",260,531,"HENDRIKJE STOFFELSTRAAT","1","1058GC","F87b","","hotel",NA,NA
"191","AMISTAD HOTEL","2",8,14,"KERKSTRAAT","42","1017GM","A02e","K","hotel",52.3629419,"4.892067"
"192","TRAVEL HOTEL","2",30,81,"BEURSSTRAAT","23","1012JV","A00b","B","hotel",52.3748239,"4.8966962"
"193","MEETING POINT HOSTEL","0",10,111,"WARMOESSTRAAT","14","1012JD","A00a","B","hostel/ jeugdherberg",52.3761006,"4.899122"
"194","PRINSENGRACHT HOTEL","3",34,64,"PRINSENGRACHT","1015-1017","1017KN","A03c","K","hotel",52.3619835,"4.8942835"
"195","FRISCO INN HOTEL","1",11,22,"BEURSSTRAAT","5","1012JT","A00b","B","hotel",52.3751227,"4.8972216"
"196","VETERAN,THE","0",12,28,"HERENGRACHT","561","1017BW","A03c","K","hostel/ jeugdherberg",52.3650494,"4.895527"
"197","MY HOME HOTEL","1",8,16,"HAARLEMMERSTRAAT","82","1013EV","A05b","K","hotel",52.3804649,"4.8915522"
"198","IBIS AMSTERDAM CENTRE","3",363,786,"STATIONSPLEIN","49","1012AB","A01a","B","hotel",52.3795085,"4.8971731"
"199","MULTATULI HOTEL","3",29,54,"PRINS HENDRIKKADE","12","1012TL","A01b","B","hotel",52.3788883,"4.8955488"
"200","VONDEL HOTEL","4",86,163,"VONDELSTRAAT","26","1054GE","E22a","","hotel",52.3626209,"4.878098"
"201","ROBERTRAMON HOTEL","3",51,90,"PIETER CORNELISZ HOOFTSTRAAT","24-28","1071BX","K47b","","hotel",52.3594291,"4.8776192"
"202","PRINSENHOF HOTEL","1",11,23,"PRINSENGRACHT","810","1017JL","A07g","K","hotel",52.3619557,"4.8994663"
"203","LIBERTY HOTEL","0",4,9,"SINGEL","5","1012VC","A01b","K","hotel",52.3782455,"4.8938827"
"204","ORANJE TULP","2",16,44,"DAMRAK","32","1012LK","A01e","B","hotel",52.3760831,"4.8965471"
"205","WEST SIDE INN HOTEL","3",232,501,"VOORBURGSTRAAT","250","1059VD","F87c","","hotel",52.3487299,"4.8426521"
"206","GLOBE, HOTEL DE","0",25,124,"OUDEZIJDS VOORBURGWAL","3","1012EH","A00a","B","hotel",52.3752018,"4.9002884"
"207","NES HOTEL","3",39,71,"KLOVENIERSBURGWAL","137-139","1011KE","A04h","B","hotel",52.3677884,"4.8960666"
"208","CAMPANILE AMSTERDAM Z.O. HOTEL","3",74,148,"LOOSDRECHTDREEF","3","1108AX","T95b","","hotel",52.3115947,"4.9851323"
"209","CITY CENTRE,NH","3",209,438,"SPUISTRAAT","288-292","1012VX","A01f","K","hotel",52.3724212,"4.8895432"
"210","BASTION HOTEL AMSTERDAM CENTRUM-NOORD","3",68,136,"RODE KRUISSTRAAT","28","1025KN","N69a","","hotel",52.39609965,"4.92853573178333"
"211","ESTHEREA HOTEL","4",92,192,"SINGEL","303-309","1012WJ","A01f","K","hotel",52.3719481,"4.8887342"
"212","CITADEL HOTEL","3",38,74,"NIEUWEZIJDS VOORBURGWAL","98-100","1012SG","A01d","B","hotel",52.3731557,"4.8905558"
"213","WESTCORD CITY CENTRE HOTEL AMSTERDAM","3",106,219,"NIEUWEZIJDS VOORBURGWAL","50","1012SC","A01d","B","hotel",52.3765457,"4.8936226"
"214","BACKSTAGE HOTEL","2",22,55,"LEIDSEGRACHT","114","1016CT","A06j","B","hotel",52.3654973,"4.8802527"
"215","IBIS STYLES AMSTERDAM AMSTEL","3",45,82,"STADHOUDERSKADE","131","1074AW","K24a","","hotel",52.357879,"4.9003186"
"216","AMBASSADE HOTEL","4",59,117,"HERENGRACHT","341","1016AZ","A02c","K","hotel",52.3693735,"4.887183"
"217","ABBA HOTEL","1",36,76,"OVERTOOM","118-120","1054HM","E20b","","hotel",52.3578541,"4.8557024"
"218","BARBACAN HOTEL","2",22,36,"PLANTAGE MUIDERGRACHT","89","1018TN","A08c","B","hotel",52.3652605,"4.9119978"
"219","BEURSSTRAAT HOTEL","1",49,105,"BEURSSTRAAT","7-9","1012JT","A00b","B","hotel",52.3753547,"4.8973747"
"220","QUENTIN-ENGELAND HOTEL,THE","0",31,65,"ROEMER VISSCHERSTRAAT","30","1054EZ","E22a","","hotel",52.3615293,"4.877127"
"221","APOLLOFIRST A HAMPSHIRE CLASSIC HOTEL","4",37,74,"APOLLOLAAN","123-125","1077AP","K49d","","hotel",52.3506912,"4.8787869"
"222","AALBORG HOTEL","3",36,84,"SARPHATIPARK","106-108","1073EC","K25b","","hotel",52.3549759,"4.8958693"
"223","ALLURE HOTEL","3",18,36,"SARPHATISTRAAT","117","1018GB","A08b","B","hotel",52.361897,"4.9104623"
"224","GOLDEN REGAL HOTEL,THE","2",13,27,"KORTE VAN EEGHENSTRAAT","8","1071ER","K47c","","hotel",52.3583851,"4.8754015"
"225","CONVENT HOTEL AMSTERDAM, THE","4",148,296,"NIEUWEZIJDS VOORBURGWAL","67","1012RE","A01e","B","hotel",52.375446,"4.8928418"
"226","FLORIS FRANCE HOTEL","3",55,123,"OUDEZIJDS KOLK","11","1012AL","A00a","B","hotel",52.3759568,"4.9011775"
"227","MARIANNE HOTEL","3",12,19,"NICOLAAS MAESSTRAAT","107","1071PV","K47f","","hotel",52.3541844,"4.878782"
"228","CENTRE HOTEL","0",17,72,"NICOLAAS ANSLIJNSTRAAT","87","1068WS","F81c","","hotel",52.3576791,"4.808016"
"229","JUPITER HOTEL","3",20,43,"TWEEDE HELMERSSTRAAT","14","1054CJ","E20a","","hotel",52.3649204,"4.877778"
"230","KING HOTEL","2",26,48,"LEIDSEKADE","85-86","1017PN","A07b","B","hotel",52.3656484,"4.8793096"
"231","GRAND HOTEL AMRÃ‚TH AMSTERDAM","5",165,385,"PRINS HENDRIKKADE","108","1011AK","A04b","B","hotel",52.3746467,"4.9038792"
"232","REMBRANDT SQUARE HOTEL","1",22,44,"REMBRANDTPLEIN","24","1016BJ","A02c","K","hotel",52.3656552,"4.8964012"
"233","BLUE TOWER","4",188,421,"LEEUWENDALERSWEG","21","1055JE","E37c","","hotel",52.3793024,"4.8457427"
"234","STAYOKAY ZEEBURG","0",92,478,"TIMORPLEIN","21","1094CC","M31a","","hostel/ jeugdherberg",52.3653615,"4.9355026"
"235","BORGMANN VILLA HOTEL","3",15,31,"KONINGSLAAN","48","1075AE","K46c","","hotel",52.3555791,"4.862678"
"236","IBIS AMSTERDAM CITY WEST","3",180,380,"TRANSFORMATORWEG","36","1014AK","B11g","","hotel",52.3923189,"4.8501967"
"237","KAP HOTEL","2",13,27,"DEN TEXSTRAAT","5B","1017XW","A07f","B","hotel",52.3590106,"4.8935974"
"238","The Poet Hotel","2",64,128,"JAN LUIJKENSTRAAT","40-44","1071CR","K47b","","hotel",52.3602891,"4.8832054"
"239","CORNER HOUSE HOTEL","0",19,31,"NIEUWEZIJDS VOORBURGWAL","121","1012RH","A01e","B","hotel",52.3742722,"4.8915479"
"240","TOWNHOUSE HOTEL, THE","0",10,20,"PRINSENGRACHT","816","1017JL","A07g","K","hotel",52.3619926,"4.8996421"
"241","TRIANON HOTEL VOF","2",42,91,"JAN WILLEM BROUWERSSTR","3-7","1071LH","K47c","","hotel",52.3556984,"4.877852"
"242","VAN BONGA HOTEL-PENSION","2",17,34,"HOLBEINSTRAAT","1","1077VB","K49f","","hotel",52.3463335,"4.8756432"
"243","GALERIJ HOTEL","0",19,40,"RAADHUISSTRAAT","43","1016DD","A02c","K","hotel",52.3736199,"4.8857817"
"244","ACCA INTERNATIONAL HOTEL","0",45,80,"VAN DE VELDESTRAAT","3A","1071CW","K47b","","hotel",52.3593496,"4.8797717"
"245","IRISH PUB DURTY NELLY'S INN","0",10,66,"WARMOESSTRAAT","115-117","1012JA","A00b","B","B&B, pension, appartamenten, guesthouse, boerenkamer",52.3754653,"4.8983388"
"246","CENTRAAL HOSTEL","0",14,51,"PLANTAGE KERKLAAN","19","1018SZ","A08c","B","hostel/ jeugdherberg",52.3655296,"4.9109382"
"247","BILDERBERG HOTEL JAN LUYKEN","4",62,113,"JAN LUIJKENSTRAAT","58","1071CS","K47b","","hotel",52.3598384,"4.8810513"
"248","M-HOTEL MUSEUMPLEIN","3",17,34,"FRANS VAN MIERISSTRAAT","34","1071RT","K47a","","hotel",52.3546854,"4.8824458"
"249","HEMP HOTEL/EETCAFE AMSTERDAM","1",5,9,"FREDERIKSPLEIN","15","1017XK","A07g","B","hotel",52.3612488,"4.9001788"
"250","REMBRANDTPLEIN HOTEL","0",20,44,"GROENBURGWAL","27","1011HR","A04h","B","hotel",52.3689809,"4.8986256"
"251","KEIZERSHOF HOTEL","1",5,9,"KEIZERSGRACHT","618","1017ER","A03c","K","hotel",52.3638337,"4.8906515"
"252","REMBRANDT HOTEL","2",17,33,"PLANTAGE MIDDENLAAN","17","1018DA","A08c","B","hotel",52.3671054,"4.910363"
"253","EAZIRES LUXER HOTEL","3",47,130,"WARMOESSTRAAT","11","1012HT","A00a","B","hotel",52.3760226,"4.8992247"
"254","WITTE TULP HOTEL,DE","0",14,80,"WARMOESSTRAAT","87","1012HZ","A00b","B","hotel",52.3747061,"4.8973768"
"255","AMSTELZICHT HOTEL","3",12,24,"AMSTEL","104","1017AD","A03e","B","hotel",52.3669696,"4.8969299"
"256","ITC HOTEL","2",22,32,"PRINSENGRACHT","1051","1017JE","A03d","K","hotel",52.3622484,"4.8984649"
"257","HEEMSKERK HOTEL","4",4,8,"JAN WILLEM BROUWERSSTR","25","1071LH","K47c","","hotel",52.3558192,"4.8777763"
"258","MAX IN MOKUM HOTEL","2",15,55,"HEMONYSTRAAT","7","1074BK","K24a","","hotel",52.3579496,"4.9021821"
"259","PORT VAN CLEVE,DIE","4",122,263,"NIEUWEZIJDS VOORBURGWAL","176-180","1012SJ","A01d","B","hotel",52.3745219,"4.8913151"
"260","OUDE TAVEERNE,DE, Hotel-Restaurant","4",14,32,"DURGERDAMMERDIJK","73","1026CB","N73d","","hotel",52.3774609,"4.9886307"
"261","WESTERTOREN HOTEL,DE","1",8,18,"RAADHUISSTRAAT","35","1016DC","A02c","K","hotel",52.3734585,"4.8861381"
"262","NH MUSICA","4",213,426,"VAN LEIJENBERGHLAAN","221","1082GG","K91c","","hotel",52.3266692,"4.8800358"
"263","HOKSBERGEN HOTEL","2",19,48,"SINGEL","301","1012WH","A01f","K","hotel",52.3706647,"4.8885927"
"264","SYMPHONY HOTEL VIVALDI","2",48,93,"STADHOUDERSKADE","76","1072AE","K24c","","hotel",52.3579643,"4.8905557"
"265","STERN, HOTEL DE","1",6,19,"UTRECHTSESTRAAT","18","1017VN","A03e","K","hotel",52.3653926,"4.8975642"
"266","AMSTEL BOTEL","3",170,349,"NDSM PIER3-4 TEGENOVER C.S.","","1033RG","N71d","","hotel",NA,NA
"267","SANDER HOTEL","3",20,47,"JACOB OBRECHTSTRAAT","69","1071KJ","K47f","","hotel",52.3541136,"4.876948"
"268","SEASONS HOTEL","3",44,101,"STADHOUDERSKADE","135","1074AZ","K24a","","hotel",52.3579241,"4.900733"
"269","VINCENT VAN GOGH HOTEL","0",13,22,"VAN DE VELDESTRAAT","5","1071CW","K47b","","hotel",52.3591278,"4.8801418"
"270","BOUTIQUE VIEW HOTEL","2",14,28,"LEIDSEKADE","77","1017PM","A07b","B","hotel",52.3648395,"4.8798638"
"271","WATERFRONT HOTEL","2",10,24,"SINGEL","458","1017AW","A01i","K","hotel",52.3675917,"4.8887741"
"272","CONCERT HOTEL, THE","3",26,52,"DE LAIRESSESTRAAT","11","1071NR","K47f","","hotel",52.35486,"4.8770568"
"273","LEYDSCHE HOF HOTEL,DE","1",5,10,"LEIDSEGRACHT","14","1016CK","A02d","K","hotel",52.3674262,"4.8857807"
"274","PAX HOTEL","1",10,21,"RAADHUISSTRAAT","37B","1016DC","A02c","K","hotel",52.373485,"4.8860353"
"275","SHARM HOTEL","1",11,21,"RAADHUISSTRAAT","33","1016DC","A02c","K","hotel",52.3734228,"4.886212"
"276","COLLEGE HOTEL, THE","4",40,80,"ROELOF HARTSTRAAT","1","1071VE","K50a","","hotel",52.3527763,"4.8836858"
"277","SYMPHONY HOTEL PAGANINI","0",47,95,"STADHOUDERSKADE","68","1072AD","K24c","","hotel",52.3581317,"4.8897611"
"278","SEASON STAR HOTEL","0",29,56,"MARTELAARSGRACHT","18","1012TR","A01b","B","hotel",52.3781085,"4.8969619"
"279","CONTINENTAL HOTEL","1",32,90,"DAMRAK","40-41","1012LK","A01e","B","hotel",52.3769214,"4.8982816"
"280","PENSION DE BOER-VAN ESSEN","0",6,8,"JOHANNES VERHULSTSTRAAT","165","1075GX","K46a","","B&B, pension, appartamenten, guesthouse, boerenkamer",52.3531655,"4.8676973"
"281","MOZART HOTEL","3",47,86,"PRINSENGRACHT","518-520","1017KJ","A07c","K","hotel",52.3700754,"4.8824404"
"282","TOURIST-INN HOTEL","1",37,125,"SPUISTRAAT  + SINGLE 69","52","1012TV","A01d","K","hotel",NA,NA
"283","EDEN AMSTERDAM MANOR HOTEL","4",125,250,"LINNAEUSSTRAAT","89","1093EK","M29b","","hotel",52.3589942,"4.9262828"
"284","MÃ–VENPICK HOTEL AMSTERDAM CITY CENTRE","4",408,816,"PIET HEINKADE","11","1019BR","M33a","","hotel",52.3780116,"4.9136382"
"285","BELLEVUE HOTEL","3",75,140,"MARTELAARSGRACHT","10","1012TP","A01b","B","hotel",52.3780697,"4.896582"
"286","FUSION SUITES","3",4,8,"ROEMER VISSCHERSTRAAT","40","1054EZ","E22a","","B&B, pension, appartamenten, guesthouse, boerenkamer",52.3613743,"4.8766149"
"287","WASHINGTON HOTEL","2",22,52,"FRANS VAN MIERISSTRAAT","10","1071RS","K47a","","hotel",52.3548988,"4.8835001"
"288","AVENUE HOTEL AMSTERDAM","3",80,165,"NIEUWEZIJDS VOORBURGWAL","33","1012RD","A01e","B","hotel",52.3766377,"4.8946387"
"289","QBIC WTC AMSTERDAM","0",55,110,"STRAWINSKYLAAN","241","1077XX","K59c","","hotel",52.3401348,"4.8749465"
"290","AALDERS HOTEL","3",28,61,"JAN LUIJKENSTRAAT","13-15","1071CJ","K47b","","hotel",52.3602891,"4.8832054"
"291","BEMA, HOTEL HUIZE","1",8,18,"CONCERTGEBOUWPLEIN","19B","1071LM","K47f","","hotel",52.3557379,"4.8790489"
"292","PARIS HOTEL,DE","3",38,86,"MARNIXSTRAAT","372-374","1016XX","A06j","B","hotel",52.3670753,"4.8792034"
"293","CASA 400 AMSTERDAM HOTEL","3",519,1021,"1E RINGDIJKSTRAAT","4","1097BC","M55b","","hotel",NA,NA
"294","NICOLAAS WITSEN HOTEL","3",28,56,"NICOLAAS WITSENSTRAAT","4-8","1017ZH","A07f","B","hotel",52.3587561,"4.8962952"
"295","ALEXANDER HOTEL","3",34,73,"VONDELSTRAAT","44-46","1054GE","E22a","","hotel",52.3618602,"4.8758105"
"296","BANKS MANSION","4",51,102,"HERENGRACHT","519-525","1017BV","A03b","K","hotel",NA,NA
"297","INNTEL HOTELS AMSTERDAM CENTRE","4",239,464,"NIEUWEZIJDS KOLK","19","1012PV","A01e","B","hotel",52.3761449,"4.8944788"
"298","DELPHI HOTEL","4",52,96,"APOLLOLAAN","103","1077AN","K49d","","hotel",52.3506912,"4.8787869"
"299","PRINS HENDRIK HOTEL","3",45,124,"PRINS HENDRIKKADE","52-58","1012AC","A00a","B","hotel",52.3759444,"4.9031691"
"300","QUENTIN ARRIVE HOTEL","1",30,65,"HAARLEMMERSTRAAT","65-67","1013EL","A05b","K","hotel",52.3800115,"4.8926278"
"301","WIJNNOBEL HOTEL","1",12,27,"VOSSIUSSTRAAT","9","1071AB","K47b","","hotel",52.3598718,"4.8765094"
"302","AADAM WILHELMINA HOTEL","2",19,40,"KONINGINNEWEG","169","1075CN","K46b","","hotel",52.352719,"4.8617802"
"303","DORIA HOTEL","3",38,71,"DAMSTRAAT","3","1012JL","A00b","B","hotel",52.372397,"4.8944764"
"304","ALFA AMSTERDAM HOTEL","1",21,44,"MARTELAARSGRACHT","14","1012TR","A01b","B","hotel",52.3780491,"4.8963522"
"305","HORTUS HOTEL","0",20,42,"PLANTAGE PARKLAAN","8","1018SR","A08c","B","hotel",52.3667588,"4.9091187"
"306","IL GIARDINO HOTEL","2",14,36,"PRINS HENDRIKKADE","97-98","1011AG","A04d","B","hotel",52.3762199,"4.9028307"
"307","BULLDOG HOTEL,THE","0",39,245,"OUDEZIJDS VOORBURGWAL","220","1012GJ","A00b","B","hotel",52.372549,"4.8962283"
"308","DI-ANN HOTEL","2",48,110,"RAADHUISSTRAAT","27","1016DC","A02c","K","hotel",52.3733429,"4.8864629"
"309","NADIA HOTEL (INCL. CLEMENS HOTEL)","2",52,72,"RAADHUISSTRAAT","49-53","1016DD","A02c","K","hotel",52.3735531,"4.8861899"
"310","PRINCESS HOTEL","1",34,71,"OVERTOOM","80","1054HL","E20a","","hotel",52.362978,"4.8754368"
"311","ALFA PLANTAGE HOTEL","3",21,42,"PLANTAGE MIDDENLAAN","26","1018DE","A08c","B","hotel",52.3663991,"4.9113102"
"312","BRIAN HOTEL","0",14,35,"SINGEL","69","1012VE","A01d","K","hotel",52.3765029,"4.8919782"
"313","WESTCORD AMSTERDAM ART 4-STERREN","4",84,124,"SPAARNDAMMERDIJK","302","1013ZX","E13f","","hotel",52.3927795,"4.8688489"
"314","LLOYD HOTEL & CULTURELE AMBASSADE","0",117,234,"OOSTELIJKE HANDELSKADE","34","1019BN","M33b","","hotel",52.3743198,"4.9354394"
"315","MONOPOLE HOTEL & APARTMENTS","2",12,26,"AMSTEL","60","1017AC","A03e","B","B&B, pension, appartamenten, guesthouse, boerenkamer",52.3669214,"4.8961523"
"316","MUSEUMZICHT HOTEL","1",14,26,"JAN LUIJKENSTRAAT","22","1071CN","K47b","","hotel",52.3603593,"4.8830125"
"317","HERMITAGE AMSTERDAM HOTEL","2",21,49,"NIEUWE KEIZERSGRACHT","16","1018DR","A08a","K","hotel",52.3645431,"4.9035195"
"318","SHELTER CITY JEUGDHOTEL","0",25,178,"BARNDESTEEG","21","1012BV","A00c","B","hostel/ jeugdherberg",52.372362,"4.8990436"
"319","SAVOY HOTEL AMSTERDAM","4",44,75,"FERDINAND BOLSTRAAT","194","1072LW","K25d","","hotel",52.3498062,"4.8912194"
"320","BASTION HOTEL AMSTERDAM CENTRUM/Z.W.","3",90,180,"NACHTWACHTLAAN","11","1058EV","F87b","","hotel",NA,NA
"321","APPLE INN HOTEL","2",28,68,"KONINGINNEWEG","93","1075CJ","K46a","","hotel",52.3537315,"4.8655914"
"322","ROOMS & CO","3",4,8,"HEMONYSTRAAT","1A","1074BK","K24a","","B&B, pension, appartamenten, guesthouse, boerenkamer",52.35812,"4.9021068"
"323","OLD QUARTER HOTEL","2",41,91,"WARMOESSTRAAT","22","1012JD","A00a","B","hotel",52.3759293,"4.8988575"
"324","ADOLESCE HOTEL","2",10,21,"NIEUWE KEIZERSGRACHT","26","1018DS","A08a","K","hotel",52.3646165,"4.9039004"
"325","SAILING HOME HOTELSCHIP","3",13,26,"OOSTERDOK","T.O. NEMO","1011VC","A04g","B","hotel",NA,NA
"326","SCHRODER HOTEL","1",11,23,"HAARLEMMERDIJK","48B","1013JE","A05c","B","hotel",52.3815258,"4.8892256"
"327","LANTAERNE LEIDSEKADE,HOTEL DE","0",28,69,"LEIDSEGRACHT","111-117","1017ND","A07b","B","hotel",52.3651139,"4.8803151"
"328","SYNOPSIS HOTEL","3",3,6,"NIEUWE KEIZERSGRACHT","22A","1018DS","A08a","K","B&B, pension, appartamenten, guesthouse, boerenkamer",52.36458,"4.9037686"
"329","ASPEN HOTEL","1",8,17,"RAADHUISSTRAAT","31","1016DC","A02c","K","hotel",52.3733962,"4.8863004"
"330","OLD HARBOUR HOTEL","1",8,15,"WARMOESSTRAAT","23","1012HT","A00a","B","hotel",52.375822,"4.8989761"
"331","MUNCK HOTEL,DE","2",13,33,"ACHTERGRACHT","3","1017WL","A07g","B","hotel",52.3613864,"4.9008379"
"332","MERCURE AMSTERDAM AIRPORT","4",152,303,"OUDE HAAGSEWEG","20","1066BW","F88c","","hotel",52.3372142,"4.817336"
"333","NIEUW SLOTANIA HOTEL","0",70,172,"SLOTERMEERLAAN","133","1063JN","F77c","","hotel",52.3811277,"4.8209283"
"334","BEST WESTERN BLUE SQUARE HOTEL","4",175,370,"SLOTERMEERLAAN","80","1064HD","F77a","","hotel",52.3786188,"4.8206519"
"335","SANDTON HOTEL DE FILOSOOF","3",45,84,"ANNA VAN DEN VONDELSTR","2-6","1054GZ","E22b","","hotel",52.3611099,"4.86942"
"336","PARK PLAZA VONDELPARK","3",138,277,"KONINGINNEWEG","34-36","1075CZ","K46c","","hotel",52.3531381,"4.8632394"
"337","MEMPHIS HOTEL","4",78,155,"DE LAIRESSESTRAAT","87","1071NX","K47e","","hotel",52.353166,"4.8701936"
"338","RADISSON BLU HOTEL","4",252,503,"RUSLAND","17","1012CK","A00e","B","hotel",52.3701499,"4.8966011"
"339","RENAISSANCE AMSTERDAM HOTEL","5",402,804,"KATTENGAT","1","1012SZ","A01b","B","hotel",52.3775634,"4.8945437"
"340","REMBRANDT CLASSIC HOTEL","3",111,242,"HERENGRACHT","255","1016BJ","A02c","K","hotel",52.37181,"4.8873904"
"341","BILDERBERG GARDEN HOTEL","5",124,248,"DIJSSELHOFPLANTSOEN","7","1077BJ","K49c","","hotel",52.3511798,"4.8740022"
"342","THORBECKE HOTEL","0",14,33,"THORBECKEPLEIN","3 + 13","1017CS","A03c","K","hotel",52.36530165,"4.89583134228282"
"343","CROWNE PLAZA AMSTERDAM CITY CENTRE","4",270,487,"NIEUWEZIJDS VOORBURGWAL","5","1012RC","A01c","B","hotel",52.3771594,"4.895458"
"344","SOFITEL LEGEND THE GRAND AMSTERDAM","5",177,355,"OUDEZIJDS VOORBURGWAL","197","1012EX","A00e","B","hotel",52.3711233,"4.8954212"
"345","CENTRAL PARK HOTEL","3",42,88,"WALDECK PYRMONTLAAN","9","1075BT","K46c","","hotel",52.3538869,"4.857526"
"346","CHIC AND BASIC","2",25,49,"HERENGRACHT","13","1015BA","A02a","K","hotel",52.3788853,"4.8921279"
"347","UTOPIA","0",10,22,"NIEUWEZIJDS VOORBURGWAL","132","1012SH","A01d","B","hotel",52.3750993,"4.8916121"
"348","BELFORT HOTEL","3",42,96,"SURINAMEPLEIN","53","1058GN","K44a","","hotel",52.3576556,"4.850719"
"349","JANSON HOTEL","2",12,26,"FRANS VAN MIERISSTRAAT","69A","1071RL","K47a","","hotel",52.3542961,"4.8817897"
"350","BEN HOTEL","1",26,52,"BEURSSTRAAT","21","1012JT","A00b","B","hotel",52.374854,"4.8967664"
"351","KWINT,B&B","0",4,7,"KOMETENSINGEL","187","1033BE","N65b","","B&B, pension, appartamenten, guesthouse, boerenkamer",52.4146317,"4.8863048"
"352","ANCO HOTEL","1",14,27,"OUDEZIJDS VOORBURGWAL","55","1012EJ","A00c","B","hotel",52.3742592,"4.899243"
"353","BELGA HOTEL","2",11,30,"HARTENSTRAAT","8","1016CB","A02c","K","hotel",52.3723702,"4.8863317"
"354","ORLANDO HOTEL","3",7,14,"PRINSENGRACHT","1099","1017JH","A03d","K","hotel",52.3626344,"4.9004718"
"355","HART VAN AMSTERDAM HOTEL","0",24,132,"OUDEZIJDS ACHTERBURGWAL","120","1012DT","A00c","B","hotel",52.3723165,"4.8974888"
"356","HOTEL JL. NO.76","4",39,78,"JAN LUIJKENSTRAAT","76","1071CT","K47b","","hotel",52.3602891,"4.8832054"
"357","REMISE,LA","0",3,6,"NOORDERSTRAAT","74","1071TW","K50a","","B&B, pension, appartamenten, guesthouse, boerenkamer",52.3612104,"4.8938351"
"358","M.DE VRIES, B&B","0",3,5,"OUDEZIJDS ACHTERBURGWAL","134","1012DV","A00c","B","B&B, pension, appartamenten, guesthouse, boerenkamer",52.3720488,"4.8972115"
"359","AJAX HOTEL D.R.","2",21,40,"ROKIN","104","1012KZ","A01g","B","hotel",52.3692762,"4.8918387"
"360","IJ-BOULEVARD HOTEL","0",35,85,"PRINS HENDRIKKADE","144-145","1011AT","A04b","B","hotel",52.3739793,"4.9057632"
"361","ZANDBERGEN HOTEL BV","3",21,37,"WILLEMSPARKWEG","205","1071HB","K47d","","hotel",52.3554548,"4.8691381"
"362","CITY HOTEL AMSTERDAM","2",49,100,"PRINS HENDRIKKADE","130","1011AP","A04b","B","hotel",52.3738797,"4.9053414"
"363","BICYCLE HOTEL","1",15,30,"VAN OSTADESTRAAT","123","1072SV","K25c","","hotel",52.3525126,"4.8936257"
"364","INTERNATIONAAL DELPORT BV, HOTEL","1",8,18,"WARMOESSTRAAT","1-3","1012HT","A00a","B","hotel",52.3761659,"4.899591"
"365","COSMOS AMSTERDAM HOTEL","0",20,130,"NIEUWE NIEUWSTRAAT","17","1012NG","A01e","B","hotel",52.3753268,"4.8934766"
"366","MAURO MANSION","0",9,18,"GELDERSEKADE","16","1012BH","A00a","B","hotel",52.3759053,"4.9017655"
"367","AMSTERDAM OOSTERPARK INN","0",6,14,"OOSTERPARK","71","1092AS","M28c","","hostel/ jeugdherberg",52.359282,"4.9229103"
"368","ART HOTEL DULAC","3",21,42,"HAARLEMMERSTRAAT","120","1013EX","A05b","K","hotel",52.3809497,"4.8904278"
"369","BASTION HOTEL AMSTERDAM AMSTEL","3",192,384,"VERL VAN MARWIJK KOOYSTRAAT","30","1096BX","M58d","","hotel",NA,NA
"370","LA FESTA BED & BREAKFAST","0",4,8,"HAZENSTRAAT","64","1016SR","A06g","B","B&B, pension, appartamenten, guesthouse, boerenkamer",52.3699014,"4.8803049"
"371","COCOMAMA","0",12,40,"WESTEINDE","18","1017ZP","A07h","B","hostel/ jeugdherberg",52.3587777,"4.8986539"
"372","CONSERVATORIUM HOTEL AMSTERDAM","5",129,258,"VAN BAERLESTRAAT","27","1071AN","K47b","","hotel",52.3586053,"4.8785258"
"373","CROWNE PLAZA AMSTERDAM - SOUTH","4",207,414,"GEORGE GERSHWINLAAN","101","1082MT","K90h","","hotel",52.3356057,"4.8747611"
"374","DIMILLION SUITE HOTEL","0",25,85,"OUDESCHANS","73-77","1011KW","A04f","B","hotel",52.3715586,"4.9043685"
"375","EASYHOTEL AMSTERDAM","2",80,160,"VAN OSTADESTRAAT","97","1072ST","K25c","","hotel",52.352295,"4.8918077"
"376","HOLIDAY INN EXPRESS AMSTERDAM SLOTERDIJK STATION","3",254,508,"ZAVENTEMWEG","3","1043EH","B11f","","hotel",52.3881556,"4.8376202"
"377","HOTEL ATLANTIS AMSTERDAM","2",45,94,"CEINTUURBAAN","215-217","1074CV","K24a","","hotel",52.3522194,"4.8873801"
"378","HOTEL PLANT","0",5,10,"PRINS HENDRIKKADE","15","1012TL","A01b","B","hotel",52.3787759,"4.8957705"
"379","IL FIORE BED & BREAKFAST","0",3,6,"LINDENGRACHT","25-1","1015KB","A06b","K","B&B, pension, appartamenten, guesthouse, boerenkamer",52.3804189,"4.8870584"
"380","LE TISSERAND CHAMBRES D'HOTES","0",5,10,"2E WETERINGDWAARSSTRAAT","5","1017SR","A07e","B","B&B, pension, appartamenten, guesthouse, boerenkamer",NA,NA
"381","THORBECKE APPARTMENTS","0",3,9,"THORBECKEPLEIN","13","1017CS","A03c","K","B&B, pension, appartamenten, guesthouse, boerenkamer",52.365296,"4.896189"
"382","HOSTELLE","0",15,84,"FRANKEMAHEERD","2","1102AN","T93e","","hostel/ jeugdherberg",NA,NA
"383","HOLIDAY INN EXPRESS AMSTERDAM SOUTH","3",80,128,"ZWAANSVLIET","20","1081AP","K90d","","hotel",52.325921,"4.8670916"
"384","AMIGO BUDGET HOSTEL","0",24,83,"LINNEAUSSTRAAT","199","1093EP","M29c","","hostel/ jeugdherberg",NA,NA
"385","RAMADA APOLLO AMSTERDAM CENTRE","4",446,892,"STAALMEESTERSLAAN","410","1057PH","F86c","","hotel",52.3679307,"4.8440098"
"386","SKOTEL","0",20,40,"DE KLENCKE","109","1083HH","K91a","","hotel",52.333466,"4.8847117"
"387","MEININGER AMSTERDAM CITY WEST","3",219,749,"ORLYPLEIN","1-67","1043DR","B11f","","hotel",52.38971,"4.8364976"
"388","HOTEL MOSAIC","3",37,114,"1E C HUYGENSSTRAAT","16-A","1054BR","E20b","","hotel",NA,NA
"389","AMADI PARK HOTEL","4",33,60,"1E C HUYGENSSTRAAT","26-G","1054BR","E20b","","hotel",NA,NA
"390","SIR ALBERT HOTEL","4",90,180,"ALBERT CUYPSTRAAT","2,","1072CT","K24d","","hotel",52.3545,"4.887468"
"391","AMSTERDAM IDENTITY APARTMENTS","3",55,88,"BARAJASWEG","10,","1043CP","B11f","","B&B, pension, appartamenten, guesthouse, boerenkamer",52.3869796,"4.8338292"
"392","LA CORTE SCONTA","0",3,6,"BRIGANTIJNKADE","20,","1086VB","M35a","","B&B, pension, appartamenten, guesthouse, boerenkamer",52.3640484,"4.9851102"
"393","B&B BROUWERSGR8","0",3,6,"BROUWERSGRACHT","8-II","1013GW","A05b","K","B&B, pension, appartamenten, guesthouse, boerenkamer",52.3791066,"4.8934766"
"394","BASTION HOTEL AMSTERDAM CENTRUM","3",90,180,"HENDRIKJE STOFFELSSTRAAT","60","1058GC","F87b","","hotel",52.3575519,"4.8437328"
"395","SUNHEAD OF 1617","0",3,6,"HERENGRACHT","152","1016BN","A02b","K","B&B, pension, appartamenten, guesthouse, boerenkamer",52.3746592,"4.8874024"
"396","HOTEL AMBASSADE","4",59,118,"HERENGRACHT","335-353","1016AX","A02c","K","hotel",NA,NA
"397","KEIZERSGRACHT APARTMENTS","0",4,8,"KEIZERSGRACHT","760","1017EZ","A03d","K","B&B, pension, appartamenten, guesthouse, boerenkamer",52.3776082,"4.8876491"
"398","GOLDEN TULIP AMSTERDAM WEST","4",248,614,"MOLENWERF","1","1014AG","E36a","","hotel",52.3855662,"4.8486773"
"399","HOTEL V NESPLEIN","4",43,86,"NES","49","1012KD","A00d","B","hotel",52.371132,"4.8936421"
"400","PARCK BED & BREAKFAST","0",3,8,"OVERTOOM","251","1054HW","E22b","","B&B, pension, appartamenten, guesthouse, boerenkamer",52.3607265,"4.8681958"
"401","HOTEL IRON HORSE","3",37,71,"OVERTOOM","33","1054HB","E22a","","hotel",52.3631575,"4.8774606"
"402","HOTEL ESPRESSO CITY CENTRE","3",68,152,"OVERTOOM","57","1054HC","E22a","","hotel",52.3628838,"4.8765241"
"403","ANDAZ AMSTERDAM PRINSENGRACHT HOTEL","5",122,244,"PRINSENGRACHT","587","1016HT","A02d","K","hotel",52.3679082,"4.8828827"
"404","CENTRAL STATION HOSTEL","0",6,34,"STEENHOUWERSSTEEG","3","1012HJ","A00d","B","hostel/ jeugdherberg",52.3717965,"4.8948654"
"405","HOTEL VOSSIUS VONDELPARK","3",39,80,"VOSSIUSSTRAAT","8","1071AB","K47b","","hotel",52.3611878,"4.8816366"
"406","THE CANAL-HOTEL (AMSTEL HOSPITALITY GROUP)","0",16,32,"WETERINGSCHANS","253","1017XJ","A07h","B","hotel",52.3594698,"4.8959558"
"407","MUSEUM SUITES","0",4,8,"WILLEMSPARKWEG","113","1071GV","K47d","","B&B, pension, appartamenten, guesthouse, boerenkamer",52.3565598,"4.8731473"
"408","FLETCHER HOTEL AMSTERDAM","4",120,240,"SCHEPENBERGWEG","50","1105AT","T92e","","hotel",52.2924282,"4.9444726"
"409","Grand Hotel Downtown","4",46,92,"1e C Huygensstr","10A","1054BR","E20b","","hotel",NA,NA
"410","Hotel Room Mate Aitana","4",284,568,"IJDok","6","1013MM","A05a","R","hotel",52.38468495,"4.89410932980969"
"411","The Student Hotel Amsterdam","3",98,196,"Jan van Galenstraat","335","1061AZ","E39b","","hotel",52.372408,"4.8365382"
"412","Faralda NDSM Kraanhotel Amsterdam","0",3,6,"NDSM-plein","78","1033WB","N71d","","hotel",52.3994089,"4.8948433"
"413","Art'Otel Amsterdam","0",107,214,"Prins Hendrikkade","33","1012TM","A01b","B","hotel",52.3776412,"4.8971654"
"414","Prinsenhuis","0",3,6,"Prinsengracht","967","1017KL","A03c","K","hotel",52.3622963,"4.89268"
"415","Isis Hotel","2",22,46,"Spreeuwenpark","17","1021GS","N61b","","hotel",52.3842302,"4.9134102"
"416","Art Bed Breakfast","0",3,6,"Weteringschans","123","1017SC","A07f","B","B&B, pension, appartamenten, guesthouse, boerenkamer",52.3603297,"4.888797"
"417","Hotel V Lofts","3",6,12,"Weteringschans","138","1018XV","A08a","K","B&B, pension, appartamenten, guesthouse, boerenkamer",52.3591293,"4.8983818"
"418","B&B Apostrophe","0",3,6,"Geerdinkhof","258","1103RA","T94j","","B&B, pension, appartamenten, guesthouse, boerenkamer",52.3261298,"4.982637"
"419","Hampton by Hilton Amsterdam Arena Boulevard","3",260,520,"Hoekenrode","1","1102BR","T93e","","hotel",52.3129926,"4.9477483"
"420","Reijgersbroeck Bed & Breakfast","0",4,8,"Provincialeweg","30","1108AB","T95b","","B&B, pension, appartamenten, guesthouse, boerenkamer",52.3110869,"4.9995202"
"421","Brooklyn hotel","4",88,160,"NDSM - Plein","28","1033WB","N71d","","hotel",52.4006296,"4.89378709032153"
