HOTELNAAM_2014,NHC_2014,KAM_2014,BED_2014,STRAAT_2014,HUISID_2014,POSTCODE_2014,BRTK10,unesco,Soort_hotel_hostel/ jeugdherberg
AMSTERDAM AMERICAN HOTEL - HAMPSHIRE EDEN,4,175,354,LEIDSEKADE,97,1017PN,A07b,B,hotel
AMSTEL INTERCONTINENTAL AMSTERDAM,5,79,165,PROFESSOR TULPPLEIN,1,1018GX,A08b,B,hotel
"AMSTERDAM CENTRE,NH",4,232,462,STADHOUDERSKADE,7,1054ES,E22a,,hotel
"BARBIZON PALACE,NH",5,274,544,PRINS HENDRIKKADE,59-72,1012AD,A00a,B,hotel
"DOELEN HOTEL,NH",4,85,162,NIEUWE DOELENSTRAAT,24,1012CP,A00e,B,hotel
"EUROPE HOTEL,DE L'",5,111,222,NIEUWE DOELENSTRAAT,2-8,1012CP,A00e,B,hotel
GRAND HOTEL KRASNAPOLSKY NH,5,468,937,DAM,9,1012JS,A00b,B,hotel
PARK HOTEL,4,189,378,STADHOUDERSKADE,25,1071ZD,K47b,,hotel
WYNDHAM APOLLO AMSTERDAM,4,446,669,APOLLOLAAN,2,1077BA,K49b,,hotel
PIET HEIN HOTEL,3,81,141,VOSSIUSSTRAAT,51-53,1071AK,K47c,,hotel
NOVA HOTEL,3,61,140,NIEUWEZIJDS VOORBURGWAL,276-278,1012RS,A01f,B,hotel
"BRIDGE HOTEL,THE",3,51,115,AMSTEL,107-111,1018EM,A08a,K,hotel
PARK PLAZA VICTORIA AMSTERDAM HOTEL,4,306,604,DAMRAK,1-5,1012LG,A01c,B,hotel
HAMPHSHIRE HOTEL BEETHOVEN,3,52,107,BEETHOVENSTRAAT,43-51,1077HN,K49b,,hotel
AMSTERDAM MARRIOTT HOTEL,5,396,1061,STADHOUDERSKADE,12,1054ES,E22a,,hotel
HILTON AMSTERDAM HOTEL,5,271,542,APOLLOLAAN,138,1077BG,K49c,,hotel
"GERSTEKORREL HOTEL,DE",2,32,75,DAMSTRAAT,22,1012JM,A00d,B,hotel
DAMRAK INN HOTEL,2,23,56,DAMRAK,58,1012LL,A01e,B,hotel
CHICO'S GUESTHOUSE,0,3,6,ST.WILLIBRORDUSSTRAAT,77,1073VA,K25b,,"B&B, pension, appartamenten, guesthouse, boerenkamer"
DAMHOTEL,2,19,51,DAMRAK,31,1012LJ,A01c,B,hotel
AMSTERDAM HOSTEL CENTRE,1,11,41,LEIDSEKRUISSTRAAT,13,1017RE,A07c,K,hostel/ jeugdherberg
CORDIAL HOTEL,3,59,108,ROKIN,62-64,1012KW,A01g,B,hotel
BLYSS HOTEL,3,39,87,VONDELSTRAAT,74,1054GN,E22a,,hotel
"LEIDSE SQUARE HOTEL A'DAM, BEST WESTERN",3,89,187,TESSELSCHADESTRAAT,23,1054ET,E22a,,hotel
KOOYK HOTEL,1,19,39,LEIDSEKADE,81-83,1017PM,A07b,B,hotel
MERCURE HOTEL AMSTERDAM CITY,4,368,751,JOAN MUYSKENWEG,10,1096CJ,M58d,,hotel
NEUTRAAL HOTEL,0,34,55,DAMRAK,8,1012LG,A01c,B,hotel
MANOFA HOTEL,1,47,126,DAMRAK,46-48,1012LL,A01e,B,hotel
AGORA HOTEL,2,16,38,SINGEL,462,1017AW,A01i,K,hotel
"POSTE HOTEL,DE LA",2,7,17,REGULIERSGRACHT,3-5,1017LJ,A03d,K,hotel
ROEMER HOTEL,4,23,46,ROEMER VISSCHERSTRAAT,8-10,1054EX,E22a,,hotel
RHO HOTEL,3,167,333,NES,5-23,1012KC,A00d,B,hotel
AMSTERDAM-DE ROODE LEEUW HOTEL,4,79,147,DAMRAK,93-94,1012LP,A01e,B,hotel
INNER HOTEL,2,84,298,WANNINGSTRAAT,1,1071LA,K47c,,hotel
SINT NICOLAAS HOTEL,3,27,60,SPUISTRAAT,1A,1012SP,A01b,B,hotel
"SCHILLER HOTEL, NH",4,92,174,REMBRANDTPLEIN,26-36,1017CV,A03e,K,hotel
HAMPSHIRE HOTEL LANCASTER,3,91,195,PLANTAGE MIDDENLAAN,48,1018DH,A08c,B,hotel
JIMMY HOTEL,1,14,28,MARTELAARSGRACHT,15,1012TN,A01c,B,hotel
ATLANTA HOTEL,2,36,71,REMBRANDTPLEIN,8,1017CV,A03e,K,hotel
"REGAL HOTEL,THE",1,11,24,BINNEN WIERINGERSTRAAT,7,1013EA,A05b,K,hotel
VAN GELDER HOTEL,1,32,63,DAMRAK,34,1012LK,A01e,B,hotel
FREDERIK PARK HOUSE HOTEL,0,4,8,FREDERIKSPLEIN,22,1017XM,A07g,B,hotel
"CROWN HOTEL,THE",1,17,41,OUDEZIJDS VOORBURGWAL,21,1012EH,A00a,B,hotel
"DYLAN, THE",4,40,79,KEIZERSGRACHT,384,1016GB,A02c,K,hotel
SINGEL HOTEL,3,32,66,SINGEL,13-17,1012VC,A01b,K,hotel
DELTA HOTEL,3,47,110,DAMRAK,42-43,1012LK,A01e,B,hotel
HEGRA HOTEL,2,11,23,HERENGRACHT,269,1016BJ,A02c,K,hotel
D'AMSTERDAM HOTEL,3,16,31,TWEEDE HELMERSSTRAAT,4,1054CH,E20a,,hotel
SARPHATI HOTEL,2,15,32,SARPHATIPARK,58,1073CZ,K25b,,hotel
SPHINX HOTEL EUROPE,0,22,44,WETERINGSCHANS,82,1017XR,A07f,B,hotel
AMSTERDAM WIECHMANN HOTEL,2,37,79,PRINSENGRACHT,328-332,1016HX,A06g,K,hotel
THE ALBUS,4,74,150,VIJZELSTRAAT,49,1017HE,A03c,K,hotel
"ADMIRAAL HOTEL,DE",1,9,24,HERENGRACHT,563,1017CD,A03e,K,hotel
SARPHATI SUITES,4,4,8,SARPHATISTRAAT,113,1018GB,A08b,B,"B&B, pension, appartamenten, guesthouse, boerenkamer"
SHENZHOU BED & BREAKFAST,1,3,6,GELDERSEKADE,75,1011EL,A04d,B,"B&B, pension, appartamenten, guesthouse, boerenkamer"
DAM CITY ACCOMMODATION,1,3,8,OUDE HOOGSTRAAT,7A-B,1012CD,A00c,B,"B&B, pension, appartamenten, guesthouse, boerenkamer"
"MALLE MOOLEN HOTEL,DE",1,13,33,WARMOESSTRAAT,7,1012HT,A00a,B,hotel
MISC EATDRINKSLEEP,2,6,12,KLOVENIERSBURGWAL,20,1012CV,A00c,B,hotel
"OLD NICKEL HOTEL,THE",1,14,34,NIEUWEBRUGSTEEG,11,1012AG,A00a,B,hotel
BROUWER HOTEL,1,8,16,SINGEL,83-85,1012VE,A01d,K,hotel
AIVENGO YOUTH HOSTEL,0,2,38,SPUISTRAAT,6,1012TS,A01b,K,hostel/ jeugdherberg
SEVEN ONE SEVEN,4,9,18,PRINSENGRACHT,717,1017JW,A03a,K,hotel
'T HOTEL LILY,3,8,18,LELIEGRACHT,18,1015DE,A02b,K,hotel
"MUSEUM QUARTER,NH",4,163,326,HOBBEMAKADE,50,1071XL,K50a,,hotel
ZUIVER / AMSTELPARK HOTEL,3,31,62,KOENENKADE,8,1081KH,K90e,,hotel
IBIS AMSTERDAM CITY STOPERA,3,207,440,VALKENBURGERSTRAAT,68,1011LZ,A04f,B,hotel
MEVLANA HOTEL,1,16,28,NIEUWEZIJDS VOORBURGWAL,160,1012SJ,A01d,B,hotel
SCHAGEN HOTEL,1,10,22,NIEUWEBRUGSTEEG,19,1012AG,A00a,B,hotel
WESTCORD AMSTERDAM ART 3-STERREN,3,130,260,SPAARNDAMMERDIJK,302,1013ZX,E13f,,hotel
TULIP INN AMSTERDAM CENTRE,3,108,229,BEURSSTRAAT,11-19,1012JT,A00b,B,hotel
"KOOPERMOOLEN HOTEL,DE",2,23,43,WARMOESSTRAAT,5,1012HT,A00a,B,hotel
BELLINGTON HOTEL,2,11,26,P CORNELISZ HOOFTSTR,78,1071CB,K47b,,hotel
HOTEL VICTORIE,2,28,55,VICTORIEPLEIN,42,1078PH,K52d,,hotel
AMSTERDAM HOUSE HOTEL EUREKA,3,31,60,'S GRAVELANDSEVEER,3-4,1011KM,A04h,B,hotel
HOTUSA OMEGA HOTEL,3,31,65,JACOB OBRECHTSTRAAT,33,1071KG,K47c,,hotel
"GOLDEN BEAR GAY HOTEL,THE",1,17,32,KERKSTRAAT,37,1017GB,A02e,K,hotel
WEBER HOTEL,2,7,14,MARNIXSTRAAT,397,1017PJ,A07b,B,hotel
TAMARA HOTEL,1,11,26,NIEUWEZIJDS VOORBURGWAL,144,1012SJ,A01d,B,hotel
"V FREDERIKSPLEIN, HOTEL",3,48,96,WETERINGSCHANS,136,1017XV,A07h,B,hotel
BEST WESTERN APOLLO MUSEUMHOTEL AMSTERDAM CITY CENTRE,3,188,364,P CORNELISZ HOOFTSTR,2-10,1071BX,K47b,,hotel
PLANTAGE HOTEL,2,19,44,PLANTAGE KERKLAAN,25,1018CV,A08c,B,hotel
IMPERIAL HOTEL,2,14,31,THORBECKEPLEIN,9,1017CS,A03c,K,hotel
SIPERMANN HOTEL,2,17,33,ROEMER VISSCHERSTRAAT,35,1054EW,E22a,,hotel
"ROOKIES, HOTEL THE",2,12,21,KORTE LEIDSEDWARSSTRAAT,147,1017PZ,A07c,B,hotel
NH CARLTON AMSTERDAM,4,218,440,VIJZELSTRAAT,4,1017HK,A03b,K,hotel
BRONCKHORST HOTEL,3,37,73,BRONCKHORSTSTRAAT,14,1071WR,K47f,,hotel
LARENDE HOTEL,3,14,26,DE CLERCQSTRAAT,115,1053AJ,E18a,,hotel
OLD CITY AMSTERDAM B&B,0,5,10,PIETER JACOBSZOONDWARSSTRAAT,7-11,1012HK,A00d,B,"B&B, pension, appartamenten, guesthouse, boerenkamer"
DOUBLETREE BY HILTON AMSTERDAM CENTRAL STATION,4,553,1106,OOSTERDOKSSTRAAT,4,1011DK,A04a,B,hotel
PARKZICHT HOTEL,2,14,24,ROEMER VISSCHERSTRAAT,33,1054EW,E22a,,hotel
HTEL SERVICED APARTMENTS,0,45,147,TEILINGEN,45,1082JP,K90c,,"B&B, pension, appartamenten, guesthouse, boerenkamer"
EASTERN PARK APARTMENTS SUITES,0,10,20,WIJTTENBACHSTRAAT,30,1093JC,M29b,,"B&B, pension, appartamenten, guesthouse, boerenkamer"
HOLIDAY INN AMSTERDAM,4,266,576,DE BOELELAAN,2,1083HJ,K91e,,hotel
MERCURE AMSTERDAM ARTHUR FROMMER,4,93,186,NOORDERSTRAAT,46,1017TV,A07e,B,hotel
"CARANSA HOTEL,NH",4,66,132,REMBRANDTPLEIN,19,1017CT,A03e,B,hotel
DIKKER & THIJS HOTEL,4,42,88,PRINSENGRACHT,444,1017KE,A07c,K,hotel
NOVOTEL AMSTERDAM CITY,4,610,1220,EUROPABOULEVARD,10,1083AD,K91c,,hotel
OKURA HOTEL AMSTERDAM,5,300,599,FERDINAND BOLSTRAAT,333,1072LH,K25c,,hotel
NH GALAXY,4,290,580,DISTELKADE,21,1031XP,N60a,,hotel
CONSCIOUS HOTEL MUSEUM SQUARE,3,36,79,DE LAIRESSESTRAAT,5-7,1071NR,K47f,,hotel
AC TULIP INN AMSTERDAM RIVERSIDE,3,192,396,PROVINCIALE WEG,38,1108AB,T95b,,hotel
CONSCIOUS HOTEL VONDELPARK,3,81,163,OVERTOOM,519-521,1054LH,E21b,,hotel
"TROPEN HOTEL,NH",3,80,160,LINNAEUSSTRAAT,2C,1092CK,M28c,,hotel
HESTIA HOTEL,3,18,36,ROEMER VISSCHERSTRAAT,7,1054EV,E22a,,hotel
FREELAND HOTEL,2,15,27,MARNIXSTRAAT,386,1017PL,A07b,B,hotel
"PULITZER HOTEL, A LUXURY COLLECTION HOTEL",5,230,398,PRINSENGRACHT,315-331,1016GZ,A02c,K,hotel
ARMADA CANALVIEW HOTEL,2,26,56,KEIZERSGRACHT,713-715,1017DX,A03d,K,hotel
ATLAS HOTEL,3,23,45,VAN EEGHENSTRAAT,64,1071GK,K47d,,hotel
HAMPSHIRE HOTEL - THEATRE DISTRICT AMSTERDAM,3,70,132,NASSAUKADE,387-390,1054AE,E20a,,hotel
SWISSOTEL AMSTERDAM,4,109,218,DAMRAK,96,1012LP,A01e,B,hotel
OWL HOTEL,3,34,60,ROEMER VISSCHERSTRAAT,1-3,1054EV,E22a,,hotel
ARTEMIS HOTEL,4,256,512,JOHN M.KEYNESPLEIN,2,1066EP,F88a,,hotel
HOTEL NOTTING HILL,4,67,136,WESTEINDE,26,1017ZP,A07h,B,hotel
CITY GARDEN HOTEL,3,72,111,P CORNELISZ HOOFTSTR,162,1071CH,K47c,,hotel
83 HOTEL,1,16,35,OUDEZIJDS ACHTERBURGWAL,83,1012DC,A00c,B,hotel
EUPHEMIA BUDGET HOTEL,1,30,108,FOKKE SIMONSZSTRAAT,1-9,1017TD,A07e,B,hotel
INTERNATIONAL BUDGET HOSTEL,0,14,68,LEIDSEGRACHT,76,1016CR,A06h,K,hostel/ jeugdherberg
FALCON PLAZA HOTEL,3,50,113,VALKENBURGERSTRAAT,72,1011LZ,A04f,B,hotel
HANS BRINKER HOTEL,0,126,502,KERKSTRAAT,136-138,1017GR,A03c,K,hotel
PARKLANE HOTEL,2,13,26,PLANTAGE PARKLAAN,16,1018ST,A08c,B,hotel
EUROPA 92 HOTEL,3,46,94,1E C HUYGENSSTR,103-105,1054BV,E22a,,hotel
BEST WESTERN DAM SQUARE INN,3,38,83,GRAVENSTRAAT,12-16,1012NM,A01e,B,hotel
SEVEN BRIDGES HOTEL,2,9,17,REGULIERSGRACHT,31,1017LK,A03d,K,hotel
"QUENTIN HOTEL AMSTERDAM,THE",0,30,65,LEIDSEKADE,89,1017PN,A07b,B,hotel
CITIZENM HOTEL AMSTERDAM CITY,4,215,430,PRINSES IRENESTRAAT,30,1077WX,K59a,,hotel
TORENZICHT HOTEL,1,21,49,OUDEZIJDS ACHTERBURGWAL,93,1012DD,A00c,B,hotel
FLIPPER HOTEL,2,24,53,BORSSENBURGSTRAAT,5,1078VA,K53b,,hotel
VERDI HOTEL,2,12,25,WANNINGSTRAAT,9,1071LA,K47c,,hotel
"BLOEIENDE RAMENAS, HOTEL CAFE",1,11,28,HAARLEMMERDIJK,61,1013KB,A05c,K,hotel
OOSTERPARK HOTEL,1,9,19,OOSTERPARK,72,1092AS,M28c,,hotel
ROKIN HOTEL,3,21,50,ROKIN,73,1012KL,A00d,B,hotel
GREENHOUSE HOTEL,2,9,19,WARMOESSTRAAT,55,1012HW,A00a,B,hotel
ASTERISK HOTEL,2,42,96,DEN TEXSTRAAT,16,1017ZA,A07f,B,hotel
ROYAL TASTE HOTEL,1,11,24,OUDEZIJDS ACHTERBURGWAL,47,1012DB,A00c,B,hotel
CRYSTAL HOTEL,2,17,34,TWEEDE HELMERSSTRAAT,6,1054CH,E20a,,hotel
ACOSTAR HOTEL,2,30,61,KERKSTRAAT,45-49,1017GB,A02e,K,hotel
ORFEO HOTEL,0,19,37,LEIDSEKRUISSTRAAT,14,1017RH,A07c,K,hotel
ANNEMARIE HOTEL,0,11,28,JAN WILLEM BROUWERSSTR,14,1071LJ,K47c,,hotel
IRIS HOTEL,1,9,24,SARPHATIKADE,17,1017WV,A07h,B,hotel
"ZWAAN HOTEL,DE",0,8,14,DORPSWEG RANSDORP,70,1028BR,N73f,,hotel
RESIDENCE LE COIN HOTEL,3,42,77,NIEUWE DOELENSTRAAT,5,1012CP,A00e,B,hotel
CITY HOTEL UTRECHTSESTRAAT,0,13,52,UTRECHTSESTRAAT,2,1017VN,A03e,K,hotel
MARNIX HOTEL,0,25,74,MARNIXSTRAAT,382,1016XX,A06j,B,hotel
EDEN HOTEL AMSTERDAM,3,218,409,AMSTEL,144,1017AE,A03e,B,hotel
EDEN REMBRANDT SQUARE HOTEL,4,167,331,AMSTELSTRAAT,17,1017DA,A03e,K,hotel
HOTEL DWARS,3,9,24,UTRECHTSEDWARSSTRAAT,79,1017WD,A07g,K,hotel
VIJAYA HOTEL,1,31,64,OUDEZIJDS VOORBURGWAL,44,1012GE,A00b,B,hotel
PRINSEN HOTEL,3,45,87,VONDELSTRAAT,36-38,1054GE,E22a,,hotel
CANAL HOUSE,4,23,49,KEIZERSGRACHT,148,1015CX,A02b,K,hotel
VOYAGERS HOTEL,0,11,25,GELDERSEKADE,2,1012BH,A00a,B,hotel
"DEUTSCHES SEEMANNNSHEIM, STICHTING",0,6,8,KEIZERSGRACHT,733,1017DZ,A03d,K,"B&B, pension, appartamenten, guesthouse, boerenkamer"
DOWNTOWN HOTEL,2,24,65,KERKSTRAAT,25,1017GA,A02e,K,hotel
BOUTIQUE HOTEL PATOU,3,12,24,P CORNELISZ HOOFTSTR,63,1071BN,K47b,,hotel
ALP HOTEL,2,15,33,DE CLERCQSTRAAT,52,1052NH,E17a,,hotel
VAN ONNA HOTEL,1,41,86,BLOEMGRACHT,102-108,1015TN,A06c,B,hotel
REMCO HOTEL,3,180,420,REIMERSWAALSTRAAT,5,1069AE,F82a,,hotel
AMSTERDAM APARTMENTS ALEXANDER'S,0,6,23,RUYSDAELKADE,109,1072AN,K24d,,"B&B, pension, appartamenten, guesthouse, boerenkamer"
CROYDON HOTEL,0,9,23,WARMOESSTRAAT,75,1012HX,A00b,B,hotel
ACACIA HOTEL,1,20,47,LINDENGRACHT,251,1015KH,A06b,B,hotel
DES ARTS HOTEL,2,22,55,ROKIN,154-156,1012LE,A01h,B,hotel
TOREN HOTEL,4,38,76,KEIZERSGRACHT,164,1015CZ,A02b,K,hotel
LA BOHEME HOTEL,2,18,39,MARNIXSTRAAT,415,1017PK,A07b,B,hotel
CC HOTEL,3,81,158,WARMOESSTRAAT,40-42,1012JE,A00a,B,hotel
SHELTER JORDAN CHRISTIAN HOSTEL,0,14,98,BLOEMSTRAAT,179,1016LA,A06c,B,hostel/ jeugdherberg
BOB'S YOUTH HOSTEL,0,16,138,NIEUWEZIJDS VOORBURGWAL,92,1012SG,A01d,B,hostel/ jeugdherberg
"FLYING PIG UPTOWN HOSTEL,THE",0,20,118,VOSSIUSSTRAAT,46,1071AJ,K47b,,hostel/ jeugdherberg
"FLYING PIG DOWNTOWN HOSTEL,THE",0,29,182,NIEUWENDIJK,100,1012MR,A01c,B,hostel/ jeugdherberg
ARENA HOTEL,4,116,232,'S-GRAVESANDESTRAAT,51,1092AA,M28b,,hotel
HOTEL FITA,3,15,27,JAN LUIJKENSTRAAT,37,1071CL,K47b,,hotel
"LEIDSEPLEIN HOTEL,HET",1,12,40,KORTE LEIDSEDWARSSTRAAT,79,1017PW,A07a,B,hotel
NL HOTEL AMSTERDAM,3,13,26,NASSAUKADE,368,1054AB,E20a,,hotel
WINSTON HOTEL,2,67,183,WARMOESSTRAAT,129,1012JA,A00b,B,hotel
AROZA HOSTEL,0,9,29,NIEUWENDIJK,23,1012LZ,A01b,B,hostel/ jeugdherberg
SEBASTIAN'S HOTEL,3,34,71,KEIZERSGRACHT,15-17,1015CC,A02a,K,hotel
ART GALLERY HOTEL,2,18,34,WETERINGSCHANS,67,1017RX,A07d,B,hotel
STAYOKAY AMSTERDAM STADSDOELEN,0,13,176,KLOVENIERSBURGWAL,97,1011KB,A04h,B,hostel/ jeugdherberg
STAYOKAY AMSTERDAM VONDELPARK,0,105,536,ZANDPAD,5,1054GA,E22a,,hostel/ jeugdherberg
LEIDSESQUARE LUXURY SUITES,0,5,20,LEIDSEPLEIN,13-17,1017PS,A07c,B,"B&B, pension, appartamenten, guesthouse, boerenkamer"
POSTHOORN B&B,0,3,6,PRINSENGRACHT,7,1015DK,A02a,K,"B&B, pension, appartamenten, guesthouse, boerenkamer"
CANAL VIEW APARTMENTS LEX,0,4,8,LEIDSEGRACHT,74,1016CR,A06h,K,"B&B, pension, appartamenten, guesthouse, boerenkamer"
SASHA B&B AMSTERDAM CITY CENTER,0,3,6,VIJZELSTRAAT,71,1017HG,A03c,K,"B&B, pension, appartamenten, guesthouse, boerenkamer"
WEST VIOLET B&B,0,3,6,VIOLETTENSTRAAT,4,1015NP,A06b,K,"B&B, pension, appartamenten, guesthouse, boerenkamer"
IJ B&B,0,5,10,ZEEBURGERDIJK,17 HS,1093SK,M29a,,"B&B, pension, appartamenten, guesthouse, boerenkamer"
"LOOIER HOTEL,DE",3,28,68,DERDE LOOIERSDWARSSTRAAT,75,1016VD,A06g,B,hotel
GROENENDAEL HOTEL,0,16,30,NIEUWENDIJK,15,1012LZ,A01b,B,hotel
HOTEL THE EXCHANGE,3,61,122,DAMRAK,49-51,1012LL,A01e,B,hotel
A-TRAIN HOTEL,3,34,73,PRINS HENDRIKKADE,23,1012TM,A01b,B,hotel
TITUS HOTEL,0,19,53,LEIDSEKADE,74,1017PM,A07b,B,hotel
THE TIMES HOTEL,3,33,69,HERENGRACHT,137,1015BG,A02b,K,hotel
WESTCORD FASHION HOTEL AMSTERDAM,4,260,531,HENDRIKJE STOFFELSTRAAT,1,1058GC,F87b,,hotel
AMISTAD HOTEL,2,8,14,KERKSTRAAT,42,1017GM,A02e,K,hotel
TRAVEL HOTEL,2,30,81,BEURSSTRAAT,23,1012JV,A00b,B,hotel
MEETING POINT HOSTEL,0,10,111,WARMOESSTRAAT,14,1012JD,A00a,B,hostel/ jeugdherberg
PRINSENGRACHT HOTEL,3,34,64,PRINSENGRACHT,1015-1017,1017KN,A03c,K,hotel
FRISCO INN HOTEL,1,11,22,BEURSSTRAAT,5,1012JT,A00b,B,hotel
"VETERAN,THE",0,12,28,HERENGRACHT,561,1017BW,A03c,K,hostel/ jeugdherberg
MY HOME HOTEL,1,8,16,HAARLEMMERSTRAAT,82,1013EV,A05b,K,hotel
IBIS AMSTERDAM CENTRE,3,363,786,STATIONSPLEIN,49,1012AB,A01a,B,hotel
MULTATULI HOTEL,3,29,54,PRINS HENDRIKKADE,12,1012TL,A01b,B,hotel
VONDEL HOTEL,4,86,163,VONDELSTRAAT,26,1054GE,E22a,,hotel
ROBERTRAMON HOTEL,3,51,90,P CORNELISZ HOOFTSTR,24-28,1071BX,K47b,,hotel
PRINSENHOF HOTEL,1,11,23,PRINSENGRACHT,810,1017JL,A07g,K,hotel
LIBERTY HOTEL,0,4,9,SINGEL,5,1012VC,A01b,K,hotel
ORANJE TULP,2,16,44,DAMRAK,32,1012LK,A01e,B,hotel
WEST SIDE INN HOTEL,3,232,501,VOORBURGSTRAAT,250,1059VD,F87c,,hotel
"GLOBE, HOTEL DE",0,25,124,OUDEZIJDS VOORBURGWAL,3,1012EH,A00a,B,hotel
NES HOTEL,3,39,71,KLOVENIERSBURGWAL,137-139,1011KE,A04h,B,hotel
CAMPANILE AMSTERDAM Z.O. HOTEL,3,74,148,LOOSDRECHTDREEF,3,1108AX,T95b,,hotel
"CITY CENTRE,NH",3,209,438,SPUISTRAAT,288-292,1012VX,A01f,K,hotel
BASTION HOTEL AMSTERDAM CENTRUM-NOORD,3,68,136,RODE KRUISSTRAAT,28,1025KN,N69a,,hotel
ESTHEREA HOTEL,4,92,192,SINGEL,303-309,1012WJ,A01f,K,hotel
CITADEL HOTEL,3,38,74,NIEUWEZIJDS VOORBURGWAL,98-100,1012SG,A01d,B,hotel
WESTCORD CITY CENTRE HOTEL AMSTERDAM,3,106,219,NIEUWEZIJDS VOORBURGWAL,50,1012SC,A01d,B,hotel
BACKSTAGE HOTEL,2,22,55,LEIDSEGRACHT,114,1016CT,A06j,B,hotel
IBIS STYLES AMSTERDAM AMSTEL,3,45,82,STADHOUDERSKADE,131,1074AW,K24a,,hotel
AMBASSADE HOTEL,4,59,117,HERENGRACHT,341,1016AZ,A02c,K,hotel
ABBA HOTEL,1,36,76,OVERTOOM,118-120,1054HM,E20b,,hotel
BARBACAN HOTEL,2,22,36,PLANTAGE MUIDERGRACHT,89,1018TN,A08c,B,hotel
BEURSSTRAAT HOTEL,1,49,105,BEURSSTRAAT,7-9,1012JT,A00b,B,hotel
"QUENTIN-ENGELAND HOTEL,THE",0,31,65,ROEMER VISSCHERSTRAAT,30,1054EZ,E22a,,hotel
APOLLOFIRST A HAMPSHIRE CLASSIC HOTEL,4,37,74,APOLLOLAAN,123-125,1077AP,K49d,,hotel
AALBORG HOTEL,3,36,84,SARPHATIPARK,106-108,1073EC,K25b,,hotel
ALLURE HOTEL,3,18,36,SARPHATISTRAAT,117,1018GB,A08b,B,hotel
"GOLDEN REGAL HOTEL,THE",2,13,27,KORTE VAN EEGHENSTRAAT,8,1071ER,K47c,,hotel
"CONVENT HOTEL AMSTERDAM, THE",4,148,296,NIEUWEZIJDS VOORBURGWAL,67,1012RE,A01e,B,hotel
FLORIS FRANCE HOTEL,3,55,123,OUDEZIJDS KOLK,11,1012AL,A00a,B,hotel
MARIANNE HOTEL,3,12,19,NICOLAAS MAESSTRAAT,107,1071PV,K47f,,hotel
CENTRE HOTEL,0,17,72,NICOLAAS ANSLIJNSTRAAT,87,1068WS,F81c,,hotel
JUPITER HOTEL,3,20,43,TWEEDE HELMERSSTRAAT,14,1054CJ,E20a,,hotel
KING HOTEL,2,26,48,LEIDSEKADE,85-86,1017PN,A07b,B,hotel
GRAND HOTEL AMRÂTH AMSTERDAM,5,165,385,PRINS HENDRIKKADE,108,1011AK,A04b,B,hotel
REMBRANDT SQUARE HOTEL,1,22,44,REMBRANDTPLEIN,24,1016BJ,A02c,K,hotel
BLUE TOWER,4,188,421,LEEUWENDALERSWEG,21,1055JE,E37c,,hotel
STAYOKAY ZEEBURG,0,92,478,TIMORPLEIN,21,1094CC,M31a,,hostel/ jeugdherberg
BORGMANN VILLA HOTEL,3,15,31,KONINGSLAAN,48,1075AE,K46c,,hotel
IBIS AMSTERDAM CITY WEST,3,180,380,TRANSFORMATORWEG,36,1014AK,B11g,,hotel
KAP HOTEL,2,13,27,DEN TEXSTRAAT,5B,1017XW,A07f,B,hotel
The Poet Hotel,2,64,128,JAN LUIJKENSTRAAT,40-44,1071CR,K47b,,hotel
CORNER HOUSE HOTEL,0,19,31,NIEUWEZIJDS VOORBURGWAL,121,1012RH,A01e,B,hotel
"TOWNHOUSE HOTEL, THE",0,10,20,PRINSENGRACHT,816,1017JL,A07g,K,hotel
TRIANON HOTEL VOF,2,42,91,JAN WILLEM BROUWERSSTR,3-7,1071LH,K47c,,hotel
VAN BONGA HOTEL-PENSION,2,17,34,HOLBEINSTRAAT,1,1077VB,K49f,,hotel
GALERIJ HOTEL,0,19,40,RAADHUISSTRAAT,43,1016DD,A02c,K,hotel
ACCA INTERNATIONAL HOTEL,0,45,80,VAN DE VELDESTRAAT,3A,1071CW,K47b,,hotel
IRISH PUB DURTY NELLY'S INN,0,10,66,WARMOESSTRAAT,115-117,1012JA,A00b,B,"B&B, pension, appartamenten, guesthouse, boerenkamer"
CENTRAAL HOSTEL,0,14,51,PLANTAGE KERKLAAN,19,1018SZ,A08c,B,hostel/ jeugdherberg
BILDERBERG HOTEL JAN LUYKEN,4,62,113,JAN LUIJKENSTRAAT,58,1071CS,K47b,,hotel
M-HOTEL MUSEUMPLEIN,3,17,34,FRANS VAN MIERISSTRAAT,34,1071RT,K47a,,hotel
HEMP HOTEL/EETCAFE AMSTERDAM,1,5,9,FREDERIKSPLEIN,15,1017XK,A07g,B,hotel
REMBRANDTPLEIN HOTEL,0,20,44,GROENBURGWAL,27,1011HR,A04h,B,hotel
KEIZERSHOF HOTEL,1,5,9,KEIZERSGRACHT,618,1017ER,A03c,K,hotel
REMBRANDT HOTEL,2,17,33,PLANTAGE MIDDENLAAN,17,1018DA,A08c,B,hotel
EAZIRES LUXER HOTEL,3,47,130,WARMOESSTRAAT,11,1012HT,A00a,B,hotel
"WITTE TULP HOTEL,DE",0,14,80,WARMOESSTRAAT,87,1012HZ,A00b,B,hotel
AMSTELZICHT HOTEL,3,12,24,AMSTEL,104,1017AD,A03e,B,hotel
ITC HOTEL,2,22,32,PRINSENGRACHT,1051,1017JE,A03d,K,hotel
HEEMSKERK HOTEL,4,4,8,JAN WILLEM BROUWERSSTR,25,1071LH,K47c,,hotel
MAX IN MOKUM HOTEL,2,15,55,HEMONYSTRAAT,7,1074BK,K24a,,hotel
"PORT VAN CLEVE,DIE",4,122,263,NIEUWEZIJDS VOORBURGWAL,176-180,1012SJ,A01d,B,hotel
"OUDE TAVEERNE,DE, Hotel-Restaurant",4,14,32,DURGERDAMMERDIJK,73,1026CB,N73d,,hotel
"WESTERTOREN HOTEL,DE",1,8,18,RAADHUISSTRAAT,35,1016DC,A02c,K,hotel
NH MUSICA,4,213,426,VAN LEIJENBERGHLAAN,221,1082GG,K91c,,hotel
HOKSBERGEN HOTEL,2,19,48,SINGEL,301,1012WH,A01f,K,hotel
SYMPHONY HOTEL VIVALDI,2,48,93,STADHOUDERSKADE,76,1072AE,K24c,,hotel
"STERN, HOTEL DE",1,6,19,UTRECHTSESTRAAT,18,1017VN,A03e,K,hotel
AMSTEL BOTEL,3,170,349,NDSM PIER3-4 TEGENOVER C.S.,,1033RG,N71d,,hotel
SANDER HOTEL,3,20,47,JACOB OBRECHTSTRAAT,69,1071KJ,K47f,,hotel
SEASONS HOTEL,3,44,101,STADHOUDERSKADE,135,1074AZ,K24a,,hotel
VINCENT VAN GOGH HOTEL,0,13,22,VAN DE VELDESTRAAT,5,1071CW,K47b,,hotel
BOUTIQUE VIEW HOTEL,2,14,28,LEIDSEKADE,77,1017PM,A07b,B,hotel
WATERFRONT HOTEL,2,10,24,SINGEL,458,1017AW,A01i,K,hotel
"CONCERT HOTEL, THE",3,26,52,DE LAIRESSESTRAAT,11,1071NR,K47f,,hotel
"LEYDSCHE HOF HOTEL,DE",1,5,10,LEIDSEGRACHT,14,1016CK,A02d,K,hotel
PAX HOTEL,1,10,21,RAADHUISSTRAAT,37B,1016DC,A02c,K,hotel
SHARM HOTEL,1,11,21,RAADHUISSTRAAT,33,1016DC,A02c,K,hotel
"COLLEGE HOTEL, THE",4,40,80,ROELOF HARTSTRAAT,1,1071VE,K50a,,hotel
SYMPHONY HOTEL PAGANINI,0,47,95,STADHOUDERSKADE,68,1072AD,K24c,,hotel
SEASON STAR HOTEL,0,29,56,MARTELAARSGRACHT,18,1012TR,A01b,B,hotel
CONTINENTAL HOTEL,1,32,90,DAMRAK,40-41,1012LK,A01e,B,hotel
PENSION DE BOER-VAN ESSEN,0,6,8,JOHANNES VERHULSTSTRAAT,165,1075GX,K46a,,"B&B, pension, appartamenten, guesthouse, boerenkamer"
MOZART HOTEL,3,47,86,PRINSENGRACHT,518-520,1017KJ,A07c,K,hotel
TOURIST-INN HOTEL,1,37,125,SPUISTRAAT  + SINGLE 69,52,1012TV,A01d,K,hotel
EDEN AMSTERDAM MANOR HOTEL,4,125,250,LINNAEUSSTRAAT,89,1093EK,M29b,,hotel
MÖVENPICK HOTEL AMSTERDAM CITY CENTRE,4,408,816,PIET HEINKADE,11,1019BR,M33a,,hotel
BELLEVUE HOTEL,3,75,140,MARTELAARSGRACHT,10,1012TP,A01b,B,hotel
FUSION SUITES,3,4,8,ROEMER VISSCHERSTRAAT,40,1054EZ,E22a,,"B&B, pension, appartamenten, guesthouse, boerenkamer"
WASHINGTON HOTEL,2,22,52,FRANS VAN MIERISSTRAAT,10,1071RS,K47a,,hotel
AVENUE HOTEL AMSTERDAM,3,80,165,NIEUWEZIJDS VOORBURGWAL,33,1012RD,A01e,B,hotel
QBIC WTC AMSTERDAM,0,55,110,STRAWINSKYLAAN,241,1077XX,K59c,,hotel
AALDERS HOTEL,3,28,61,JAN LUIJKENSTRAAT,13-15,1071CJ,K47b,,hotel
"BEMA, HOTEL HUIZE",1,8,18,CONCERTGEBOUWPLEIN,19B,1071LM,K47f,,hotel
"PARIS HOTEL,DE",3,38,86,MARNIXSTRAAT,372-374,1016XX,A06j,B,hotel
CASA 400 AMSTERDAM HOTEL,3,519,1021,1E RINGDIJKSTRAAT,4,1097BC,M55b,,hotel
NICOLAAS WITSEN HOTEL,3,28,56,NICOLAAS WITSENSTRAAT,4-8,1017ZH,A07f,B,hotel
ALEXANDER HOTEL,3,34,73,VONDELSTRAAT,44-46,1054GE,E22a,,hotel
BANKS MANSION,4,51,102,HERENGRACHT,519-525,1017BV,A03b,K,hotel
INNTEL HOTELS AMSTERDAM CENTRE,4,239,464,NIEUWEZIJDS KOLK,19,1012PV,A01e,B,hotel
DELPHI HOTEL,4,52,96,APOLLOLAAN,103-105,1077AN,K49d,,hotel
PRINS HENDRIK HOTEL,3,45,124,PRINS HENDRIKKADE,52-58,1012AC,A00a,B,hotel
QUENTIN ARRIVE HOTEL,1,30,65,HAARLEMMERSTRAAT,65-67,1013EL,A05b,K,hotel
WIJNNOBEL HOTEL,1,12,27,VOSSIUSSTRAAT,9,1071AB,K47b,,hotel
AADAM WILHELMINA HOTEL,2,19,40,KONINGINNEWEG,169,1075CN,K46b,,hotel
DORIA HOTEL,3,38,71,DAMSTRAAT,3,1012JL,A00b,B,hotel
ALFA AMSTERDAM HOTEL,1,21,44,MARTELAARSGRACHT,14,1012TR,A01b,B,hotel
HORTUS HOTEL,0,20,42,PLANTAGE PARKLAAN,8,1018SR,A08c,B,hotel
IL GIARDINO HOTEL,2,14,36,PRINS HENDRIKKADE,97-98,1011AG,A04d,B,hotel
"BULLDOG HOTEL,THE",0,39,245,OUDEZIJDS VOORBURGWAL,220,1012GJ,A00b,B,hotel
DI-ANN HOTEL,2,48,110,RAADHUISSTRAAT,27,1016DC,A02c,K,hotel
NADIA HOTEL (INCL. CLEMENS HOTEL),2,52,72,RAADHUISSTRAAT,49-53,1016DD,A02c,K,hotel
PRINCESS HOTEL,1,34,71,OVERTOOM,80,1054HL,E20a,,hotel
ALFA PLANTAGE HOTEL,3,21,42,PLANTAGE MIDDENLAAN,26,1018DE,A08c,B,hotel
BRIAN HOTEL,0,14,35,SINGEL,69,1012VE,A01d,K,hotel
WESTCORD AMSTERDAM ART 4-STERREN,4,84,124,SPAARNDAMMERDIJK,302,1013ZX,E13f,,hotel
LLOYD HOTEL & CULTURELE AMBASSADE,0,117,234,OOSTELIJKE HANDELSKADE,34,1019BN,M33b,,hotel
MONOPOLE HOTEL & APARTMENTS,2,12,26,AMSTEL,60,1017AC,A03e,B,"B&B, pension, appartamenten, guesthouse, boerenkamer"
MUSEUMZICHT HOTEL,1,14,26,JAN LUIJKENSTRAAT,22,1071CN,K47b,,hotel
HERMITAGE AMSTERDAM HOTEL,2,21,49,NIEUWE KEIZERSGRACHT,16,1018DR,A08a,K,hotel
SHELTER CITY JEUGDHOTEL,0,25,178,BARNDESTEEG,21,1012BV,A00c,B,hostel/ jeugdherberg
SAVOY HOTEL AMSTERDAM,4,44,75,FERDINAND BOLSTRAAT,194,1072LW,K25d,,hotel
BASTION HOTEL AMSTERDAM CENTRUM/Z.W.,3,90,180,NACHTWACHTLAAN,11,1058EV,F87b,,hotel
APPLE INN HOTEL,2,28,68,KONINGINNEWEG,93,1075CJ,K46a,,hotel
ROOMS & CO,3,4,8,HEMONYSTRAAT,1A,1074BK,K24a,,"B&B, pension, appartamenten, guesthouse, boerenkamer"
OLD QUARTER HOTEL,2,41,91,WARMOESSTRAAT,22,1012JD,A00a,B,hotel
ADOLESCE HOTEL,2,10,21,NIEUWE KEIZERSGRACHT,26,1018DS,A08a,K,hotel
SAILING HOME HOTELSCHIP,3,13,26,OOSTERDOK,T.O. NEMO,1011VC,A04g,B,hotel
SCHRODER HOTEL,1,11,23,HAARLEMMERDIJK,48B,1013JE,A05c,B,hotel
"LANTAERNE LEIDSEKADE,HOTEL DE",0,28,69,LEIDSEGRACHT,111-117,1017ND,A07b,B,hotel
SYNOPSIS HOTEL,3,3,6,NIEUWE KEIZERSGRACHT,22A,1018DS,A08a,K,"B&B, pension, appartamenten, guesthouse, boerenkamer"
ASPEN HOTEL,1,8,17,RAADHUISSTRAAT,31,1016DC,A02c,K,hotel
OLD HARBOUR HOTEL,1,8,15,WARMOESSTRAAT,23,1012HT,A00a,B,hotel
"MUNCK HOTEL,DE",2,13,33,ACHTERGRACHT,3,1017WL,A07g,B,hotel
MERCURE AMSTERDAM AIRPORT,4,152,303,OUDE HAAGSEWEG,20,1066BW,F88c,,hotel
NIEUW SLOTANIA HOTEL,0,70,172,SLOTERMEERLAAN,133,1063JN,F77c,,hotel
BEST WESTERN BLUE SQUARE HOTEL,4,175,370,SLOTERMEERLAAN,80,1064HD,F77a,,hotel
SANDTON HOTEL DE FILOSOOF,3,45,84,ANNA VAN DEN VONDELSTR,2-6,1054GZ,E22b,,hotel
PARK PLAZA VONDELPARK,3,138,277,KONINGINNEWEG,34-36,1075CZ,K46c,,hotel
MEMPHIS HOTEL,4,78,155,DE LAIRESSESTRAAT,87,1071NX,K47e,,hotel
RADISSON BLU HOTEL,4,252,503,RUSLAND,17,1012CK,A00e,B,hotel
RENAISSANCE AMSTERDAM HOTEL,5,402,804,KATTENGAT,1,1012SZ,A01b,B,hotel
REMBRANDT CLASSIC HOTEL,3,111,242,HERENGRACHT,255,1016BJ,A02c,K,hotel
BILDERBERG GARDEN HOTEL,5,124,248,DIJSSELHOFPLANTSOEN,7,1077BJ,K49c,,hotel
THORBECKE HOTEL,0,14,33,THORBECKEPLEIN,3 + 13,1017CS,A03c,K,hotel
CROWNE PLAZA AMSTERDAM CITY CENTRE,4,270,487,NIEUWEZIJDS VOORBURGWAL,5,1012RC,A01c,B,hotel
SOFITEL LEGEND THE GRAND AMSTERDAM,5,177,355,OUDEZIJDS VOORBURGWAL,197,1012EX,A00e,B,hotel
CENTRAL PARK HOTEL,3,42,88,WALDECK PYRMONTLAAN,9,1075BT,K46c,,hotel
CHIC AND BASIC,2,25,49,HERENGRACHT,13,1015BA,A02a,K,hotel
UTOPIA,0,10,22,NIEUWEZIJDS VOORBURGWAL,132,1012SH,A01d,B,hotel
BELFORT HOTEL,3,42,96,SURINAMEPLEIN,53,1058GN,K44a,,hotel
JANSON HOTEL,2,12,26,FRANS VAN MIERISSTRAAT,69A,1071RL,K47a,,hotel
BEN HOTEL,1,26,52,BEURSSTRAAT,21,1012JT,A00b,B,hotel
"KWINT,B&B",0,4,7,KOMETENSINGEL,187,1033BE,N65b,,"B&B, pension, appartamenten, guesthouse, boerenkamer"
ANCO HOTEL,1,14,27,OUDEZIJDS VOORBURGWAL,55,1012EJ,A00c,B,hotel
BELGA HOTEL,2,11,30,HARTENSTRAAT,8,1016CB,A02c,K,hotel
ORLANDO HOTEL,3,7,14,PRINSENGRACHT,1099,1017JH,A03d,K,hotel
HART VAN AMSTERDAM HOTEL,0,24,132,OUDEZIJDS ACHTERBURGWAL,120,1012DT,A00c,B,hotel
HOTEL JL. NO.76,4,39,78,JAN LUIJKENSTRAAT,76,1071CT,K47b,,hotel
"REMISE,LA",0,3,6,NOORDERSTRAAT,74,1071TW,K50a,,"B&B, pension, appartamenten, guesthouse, boerenkamer"
"M.DE VRIES, B&B",0,3,5,OUDEZIJDS ACHTERBURGWAL,134,1012DV,A00c,B,"B&B, pension, appartamenten, guesthouse, boerenkamer"
AJAX HOTEL D.R.,2,21,40,ROKIN,104,1012KZ,A01g,B,hotel
IJ-BOULEVARD HOTEL,0,35,85,PRINS HENDRIKKADE,144-145,1011AT,A04b,B,hotel
ZANDBERGEN HOTEL BV,3,21,37,WILLEMSPARKWEG,205,1071HB,K47d,,hotel
CITY HOTEL AMSTERDAM,2,49,100,PRINS HENDRIKKADE,130,1011AP,A04b,B,hotel
BICYCLE HOTEL,1,15,30,VAN OSTADESTRAAT,123,1072SV,K25c,,hotel
"INTERNATIONAAL DELPORT BV, HOTEL",1,8,18,WARMOESSTRAAT,1-3,1012HT,A00a,B,hotel
COSMOS AMSTERDAM HOTEL,0,20,130,NIEUWE NIEUWSTRAAT,17,1012NG,A01e,B,hotel
MAURO MANSION,0,9,18,GELDERSEKADE,16,1012BH,A00a,B,hotel
AMSTERDAM OOSTERPARK INN,0,6,14,OOSTERPARK,71,1092AS,M28c,,hostel/ jeugdherberg
ART HOTEL DULAC,3,21,42,HAARLEMMERSTRAAT,120,1013EX,A05b,K,hotel
BASTION HOTEL AMSTERDAM AMSTEL,3,192,384,VERL VAN MARWIJK KOOYSTRAAT,30,1096BX,M58d,,hotel
LA FESTA BED & BREAKFAST,0,4,8,HAZENSTRAAT,64,1016SR,A06g,B,"B&B, pension, appartamenten, guesthouse, boerenkamer"
COCOMAMA,0,12,40,WESTEINDE,18,1017ZP,A07h,B,hostel/ jeugdherberg
CONSERVATORIUM HOTEL AMSTERDAM,5,129,258,VAN BAERLESTRAAT,27,1071AN,K47b,,hotel
CROWNE PLAZA AMSTERDAM - SOUTH,4,207,414,GEORGE GERSHWINLAAN,101,1082MT,K90h,,hotel
DIMILLION SUITE HOTEL,0,25,85,OUDESCHANS,73-77,1011KW,A04f,B,hotel
EASYHOTEL AMSTERDAM,2,80,160,VAN OSTADESTRAAT,97,1072ST,K25c,,hotel
HOLIDAY INN EXPRESS AMSTERDAM SLOTERDIJK STATION,3,254,508,ZAVENTEMWEG,3,1043EH,B11f,,hotel
HOTEL ATLANTIS AMSTERDAM,2,45,94,CEINTUURBAAN,215-217,1074CV,K24a,,hotel
HOTEL PLANT,0,5,10,PRINS HENDRIKKADE,15,1012TL,A01b,B,hotel
IL FIORE BED & BREAKFAST,0,3,6,LINDENGRACHT,25-1,1015KB,A06b,K,"B&B, pension, appartamenten, guesthouse, boerenkamer"
LE TISSERAND CHAMBRES D'HOTES,0,5,10,2E WETERINGDWAARSSTRAAT,5,1017SR,A07e,B,"B&B, pension, appartamenten, guesthouse, boerenkamer"
THORBECKE APPARTMENTS,0,3,9,THORBECKEPLEIN,13,1017CS,A03c,K,"B&B, pension, appartamenten, guesthouse, boerenkamer"
HOSTELLE,0,15,84,FRANKEMAHEERD,2,1102AN,T93e,,hostel/ jeugdherberg
HOLIDAY INN EXPRESS AMSTERDAM SOUTH,3,80,128,ZWAANSVLIET,20,1081AP,K90d,,hotel
AMIGO BUDGET HOSTEL,0,24,83,LINNEAUSSTRAAT,199,1093EP,M29c,,hostel/ jeugdherberg
RAMADA APOLLO AMSTERDAM CENTRE,4,446,892,STAALMEESTERSLAAN,410,1057PH,F86c,,hotel
SKOTEL,0,20,40,DE KLENCKE,109,1083HH,K91a,,hotel
MEININGER AMSTERDAM CITY WEST,3,219,749,ORLYPLEIN,1-67,1043DR,B11f,,hotel
HOTEL MOSAIC,3,37,114,1E C HUYGENSSTRAAT,16-A,1054BR,E20b,,hotel
AMADI PARK HOTEL,4,33,60,1E C HUYGENSSTRAAT,26-G,1054BR,E20b,,hotel
SIR ALBERT HOTEL,4,90,180,ALBERT CUYPSTRAAT,"2,",1072CT,K24d,,hotel
AMSTERDAM IDENTITY APARTMENTS,3,55,88,BARAJASWEG,"10,",1043CP,B11f,,"B&B, pension, appartamenten, guesthouse, boerenkamer"
LA CORTE SCONTA,0,3,6,BRIGANTIJNKADE,"20,",1086VB,M35a,,"B&B, pension, appartamenten, guesthouse, boerenkamer"
B&B BROUWERSGR8,0,3,6,BROUWERSGRACHT,8-II,1013GW,A05b,K,"B&B, pension, appartamenten, guesthouse, boerenkamer"
BASTION HOTEL AMSTERDAM CENTRUM,3,90,180,HENDRIKJE STOFFELSSTRAAT,60,1058GC,F87b,,hotel
SUNHEAD OF 1617,0,3,6,HERENGRACHT,152,1016BN,A02b,K,"B&B, pension, appartamenten, guesthouse, boerenkamer"
HOTEL AMBASSADE,4,59,118,HERENGRACHT,335-353,1016AX,A02c,K,hotel
KEIZERSGRACHT APARTMENTS,0,4,8,KEIZERSGRACHT,760,1017EZ,A03d,K,"B&B, pension, appartamenten, guesthouse, boerenkamer"
GOLDEN TULIP AMSTERDAM WEST,4,248,614,MOLENWERF,1,1014AG,E36a,,hotel
HOTEL V NESPLEIN,4,43,86,NES,49,1012KD,A00d,B,hotel
PARCK BED & BREAKFAST,0,3,8,OVERTOOM,251,1054HW,E22b,,"B&B, pension, appartamenten, guesthouse, boerenkamer"
HOTEL IRON HORSE,3,37,71,OVERTOOM,33,1054HB,E22a,,hotel
HOTEL ESPRESSO CITY CENTRE,3,68,152,OVERTOOM,57,1054HC,E22a,,hotel
ANDAZ AMSTERDAM PRINSENGRACHT HOTEL,5,122,244,PRINSENGRACHT,587,1016HT,A02d,K,hotel
CENTRAL STATION HOSTEL,0,6,34,STEENHOUWERSSTEEG,3,1012HJ,A00d,B,hostel/ jeugdherberg
HOTEL VOSSIUS VONDELPARK,3,39,80,VOSSIUSSTRAAT,8,1071AB,K47b,,hotel
THE CANAL-HOTEL (AMSTEL HOSPITALITY GROUP),0,16,32,WETERINGSCHANS,253,1017XJ,A07h,B,hotel
MUSEUM SUITES,0,4,8,WILLEMSPARKWEG,113,1071GV,K47d,,"B&B, pension, appartamenten, guesthouse, boerenkamer"
FLETCHER HOTEL AMSTERDAM,4,120,240,SCHEPENBERGWEG,50,1105AT,T92e,,hotel
Grand Hotel Downtown,4,46,92,1e C Huygensstr,10A,1054BR,E20b,,hotel
Hotel Room Mate Aitana,4,284,568,IJDok,6,1013MM,A05a,R,hotel
The Student Hotel Amsterdam,3,98,196,Jan van Galenstraat,335,1061AZ,E39b,,hotel
Faralda NDSM Kraanhotel Amsterdam,0,3,6,NDSM-plein,78,1033WB,N71d,,hotel
Art'Otel Amsterdam,0,107,214,Prins Hendrikkade,33,1012TM,A01b,B,hotel
Prinsenhuis,0,3,6,Prinsengracht,967,1017KL,A03c,K,hotel
Isis Hotel,2,22,46,Spreeuwenpark,17,1021GS,N61b,,hotel
Art Bed Breakfast,0,3,6,Weteringschans,123,1017SC,A07f,B,"B&B, pension, appartamenten, guesthouse, boerenkamer"
Hotel V Lofts,3,6,12,Weteringschans,138,1018XV,A08a,K,"B&B, pension, appartamenten, guesthouse, boerenkamer"
B&B Apostrophe,0,3,6,Geerdinkhof,258,1103RA,T94j,,"B&B, pension, appartamenten, guesthouse, boerenkamer"
Hampton by Hilton Amsterdam Arena Boulevard,3,260,520,Hoekenrode,1,1102BR,T93e,,hotel
Reijgersbroeck Bed & Breakfast,0,4,8,Provincialeweg,30,1108AB,T95b,,"B&B, pension, appartamenten, guesthouse, boerenkamer"
Brooklyn hotel,4,88,160,NDSM - Plein,28,1033WB,N71d,,hotel
totaal,421 hotels,26287,56718,,,,,,
